frame_id,timestamp,image_path_OBS_IMAGE_1,j1,j2,j3,j4,j5,j6,x,y,z,rx,ry,rz,gripper_tooldo1,gripper_tooldo2,robot_mode
0,1778667130.9225373,OBS_IMAGE_1/frame_000000.jpg,81.1624526977539,48.440059661865234,37.67292785644531,1.0155487060546875,-87.27058410644531,163.1476593017578,21.321378707885742,-413.5902099609375,237.15512084960938,176.4590606689453,-1.7761127948760986,8.138117790222168,0,0,5
1,1778667130.9801579,OBS_IMAGE_1/frame_000001.jpg,81.16246032714844,48.440101623535156,37.67290115356445,1.0107421875,-87.27058410644531,163.14834594726562,21.320587158203125,-413.5956115722656,237.16371154785156,176.45449829101562,-1.774755835533142,8.137580871582031,0,0,5
2,1778667131.0370407,OBS_IMAGE_1/frame_000002.jpg,81.16243743896484,48.44010925292969,37.67294692993164,1.0128021240234375,-87.2698974609375,163.14422607421875,21.321622848510742,-413.59344482421875,237.15972900390625,176.45619201660156,-1.775774359703064,8.14165210723877,0,0,5
3,1778667131.095863,OBS_IMAGE_1/frame_000003.jpg,81.16244506835938,48.440120697021484,37.67295455932617,1.017608642578125,-87.27195739746094,163.14834594726562,21.320032119750977,-413.5877380371094,237.15072631835938,176.4615478515625,-1.7754706144332886,8.137280464172363,0,0,5
4,1778667131.1526554,OBS_IMAGE_1/frame_000004.jpg,81.16244506835938,48.44013977050781,37.672943115234375,1.0107421875,-87.27058410644531,163.1462860107422,21.32048797607422,-413.59564208984375,237.16323852539062,176.4545135498047,-1.7746522426605225,8.13962173461914,0,0,5
5,1778667131.2103148,OBS_IMAGE_1/frame_000005.jpg,81.16244506835938,48.440155029296875,37.672935485839844,1.014862060546875,-87.27195739746094,163.1462860107422,21.319549560546875,-413.5908508300781,237.15557861328125,176.4588623046875,-1.774545431137085,8.139418601989746,0,0,5
6,1778667131.26732,OBS_IMAGE_1/frame_000006.jpg,81.16246032714844,48.44013595581055,37.672977447509766,1.0182952880859375,-87.27195739746094,163.14903259277344,21.320249557495117,-413.58697509765625,237.1492919921875,176.46224975585938,-1.7757233381271362,8.136587142944336,0,0,5
7,1778667131.3195033,OBS_IMAGE_1/frame_000007.jpg,81.16240692138672,48.440128326416016,37.672969818115234,1.01348876953125,-87.27401733398438,163.14971923828125,21.31661033630371,-413.5919494628906,237.1580047607422,176.45826721191406,-1.7723908424377441,8.13587474822998,0,0,5
8,1778667131.3756068,OBS_IMAGE_1/frame_000008.jpg,81.16244506835938,48.44013977050781,37.67298889160156,1.0169219970703125,-87.27401733398438,163.14834594726562,21.317447662353516,-413.5881042480469,237.1515655517578,176.46153259277344,-1.7733182907104492,8.137177467346191,0,0,5
9,1778667131.4329875,OBS_IMAGE_1/frame_000009.jpg,81.16242980957031,48.440155029296875,37.67298126220703,1.0169219970703125,-87.27333068847656,163.1462860107422,21.31816864013672,-413.5882568359375,237.1515350341797,176.46128845214844,-1.7738490104675293,8.139261245727539,0,0,5
10,1778667131.4902382,OBS_IMAGE_1/frame_000010.jpg,81.16242218017578,48.440128326416016,37.67295455932617,1.014862060546875,-87.27264404296875,163.14834594726562,21.318588256835938,-413.5906677246094,237.1556396484375,176.45912170410156,-1.7740148305892944,8.137300491333008,0,0,5
11,1778667131.5576599,OBS_IMAGE_1/frame_000011.jpg,81.16242980957031,48.440147399902344,37.67295455932617,1.0169219970703125,-87.27195739746094,163.15040588378906,21.31981086730957,-413.5885314941406,237.15179443359375,176.4609832763672,-1.7754051685333252,8.135229110717773,0,0,7
12,1778667131.615669,OBS_IMAGE_1/frame_000012.jpg,81.1640853881836,48.44110107421875,37.672977447509766,1.014862060546875,-87.27401733398438,163.14697265625,21.328731536865234,-413.59100341796875,237.14859008789062,176.46043395996094,-1.7729079723358154,8.140219688415527,0,0,7
13,1778667131.6730223,OBS_IMAGE_1/frame_000013.jpg,81.20854187011719,48.47704315185547,37.672882080078125,0.9551239013671875,-87.29873657226562,163.1641387939453,21.602922439575195,-413.6806640625,237.00205993652344,176.44529724121094,-1.7433850765228271,8.166777610778809,0,0,7
14,1778667131.7302783,OBS_IMAGE_1/frame_000014.jpg,81.39396667480469,48.63629150390625,37.67176055908203,0.8274078369140625,-87.31658935546875,163.28773498535156,22.868900299072266,-413.94415283203125,236.11126708984375,176.4833526611328,-1.7427845001220703,8.22684097290039,0,0,7
15,1778667131.782058,OBS_IMAGE_1/frame_000015.jpg,81.6584243774414,48.86246109008789,37.66786193847656,0.6324005126953125,-87.31864929199219,163.50059509277344,24.704275131225586,-414.3286437988281,234.88108825683594,176.51657104492188,-1.7616569995880127,8.277819633483887,0,0,7
16,1778667131.838638,OBS_IMAGE_1/frame_000016.jpg,82.16986083984375,49.299217224121094,37.660499572753906,0.218353271484375,-87.33169555664062,163.9599609375,28.2504825592041,-415.0747375488281,232.56661987304688,176.54916381835938,-1.7812663316726685,8.32929801940918,0,0,7
17,1778667131.8963826,OBS_IMAGE_1/frame_000017.jpg,82.7216567993164,49.769771575927734,37.653717041015625,-0.229339599609375,-87.35641479492188,164.5635223388672,32.083473205566406,-415.8239440917969,230.0615234375,176.5902099609375,-1.7980235815048218,8.276413917541504,0,0,7
18,1778667131.9537206,OBS_IMAGE_1/frame_000018.jpg,83.51160430908203,50.44313430786133,37.643409729003906,-0.93658447265625,-87.41615295410156,165.37513732910156,37.56656265258789,-416.8709411621094,226.58432006835938,176.58840942382812,-1.777167797088623,8.253687858581543,0,0,7
19,1778667132.0109036,OBS_IMAGE_1/frame_000019.jpg,84.39205169677734,51.19536590576172,37.63261413574219,-1.67816162109375,-87.43057250976562,166.2835693359375,43.791725158691406,-417.85858154296875,222.5906524658203,176.6202850341797,-1.816983938217163,8.226022720336914,0,0,7
20,1778667132.0682693,OBS_IMAGE_1/frame_000020.jpg,85.49415588378906,52.13265609741211,37.618656158447266,-2.6181793212890625,-87.52876281738281,167.3602294921875,51.547515869140625,-418.8922424316406,217.61244201660156,176.6603546142578,-1.7808012962341309,8.24769401550293,0,0,7
21,1778667132.1256452,OBS_IMAGE_1/frame_000021.jpg,86.66815185546875,53.13574981689453,37.603759765625,-3.702392578125,-87.53150939941406,168.5405731201172,59.993621826171875,-419.84832763671875,212.39794921875,176.60414123535156,-1.827225923538208,8.245596885681152,0,0,7
22,1778667132.183498,OBS_IMAGE_1/frame_000022.jpg,88.08098602294922,54.3397331237793,37.585838317871094,-4.9493408203125,-87.64205932617188,169.91798400878906,70.11495971679688,-420.57611083984375,205.98992919921875,176.60858154296875,-1.788845419883728,8.278209686279297,0,0,7
23,1778667132.240977,OBS_IMAGE_1/frame_000023.jpg,89.4977798461914,55.54674530029297,37.56907653808594,-6.1351776123046875,-87.769775390625,171.4258575439453,80.31879425048828,-420.8486022949219,199.39599609375,176.68040466308594,-1.7520097494125366,8.181475639343262,0,0,7
24,1778667132.2992418,OBS_IMAGE_1/frame_000024.jpg,90.93146514892578,56.771053314208984,37.550453186035156,-7.41302490234375,-87.74642944335938,172.87261962890625,90.8858871459961,-420.8177185058594,192.81468200683594,176.6510772705078,-1.8492518663406372,8.173730850219727,0,0,7
25,1778667132.356644,OBS_IMAGE_1/frame_000025.jpg,92.39692687988281,58.01895523071289,37.53189468383789,-8.60504150390625,-87.75672912597656,174.3083953857422,101.68446350097656,-420.23565673828125,185.85829162597656,176.73660278320312,-1.9260815382003784,8.203210830688477,0,0,7
26,1778667132.414282,OBS_IMAGE_1/frame_000026.jpg,93.6265640258789,59.066558837890625,37.51673889160156,-9.617843627929688,-87.82745361328125,175.54916381835938,110.68700408935547,-419.4361267089844,180.00440979003906,176.80422973632812,-1.9274210929870605,8.188722610473633,0,0,7
27,1778667132.4719703,OBS_IMAGE_1/frame_000027.jpg,94.79009246826172,60.05959701538086,37.50169372558594,-10.7281494140625,-88.00529479980469,176.72882080078125,119.08929443359375,-418.5860290527344,174.70364379882812,176.72286987304688,-1.8076975345611572,8.168133735656738,0,0,7
28,1778667132.529061,OBS_IMAGE_1/frame_000028.jpg,95.72774505615234,60.857669830322266,37.49034881591797,-11.545257568359375,-88.0389404296875,177.65716552734375,125.98524475097656,-417.60791015625,170.2916259765625,176.72361755371094,-1.8256659507751465,8.177533149719238,0,0,7
29,1778667132.586701,OBS_IMAGE_1/frame_000029.jpg,96.52568817138672,61.54050827026367,37.48004150390625,-12.37884521484375,-88.08151245117188,178.47427368164062,131.84889221191406,-416.7928161621094,166.754150390625,176.590087890625,-1.8250987529754639,8.161991119384766,0,0,7
30,1778667132.6438198,OBS_IMAGE_1/frame_000030.jpg,97.22228240966797,62.13490676879883,37.47160339355469,-13.000946044921875,-88.12065124511719,179.14993286132812,136.94732666015625,-415.8601379394531,163.47543334960938,176.57632446289062,-1.825487494468689,8.182600021362305,0,0,7
31,1778667132.702584,OBS_IMAGE_1/frame_000031.jpg,97.69778442382812,62.53581237792969,37.4656982421875,-13.453445434570312,-88.19755554199219,179.63951110839844,140.36708068847656,-415.2072448730469,161.319580078125,176.53512573242188,-1.7774215936660767,8.166356086730957,0,0,7
32,1778667132.7543595,OBS_IMAGE_1/frame_000032.jpg,98.04896545410156,62.838600158691406,37.46095275878906,-13.810501098632812,-88.1927490234375,180.01510620117188,142.96786499023438,-414.7112731933594,159.72122192382812,176.48777770996094,-1.8047833442687988,8.144593238830566,0,0,7
33,1778667132.8087485,OBS_IMAGE_1/frame_000033.jpg,98.30351257324219,63.05738830566406,37.45802307128906,-14.01580810546875,-88.21128845214844,180.27809143066406,144.816650390625,-414.2808532714844,158.46554565429688,176.506591796875,-1.8023396730422974,8.135051727294922,0,0,7
34,1778667132.8661911,OBS_IMAGE_1/frame_000034.jpg,98.40007781982422,63.13886260986328,37.456565856933594,-14.139404296875,-88.22708129882812,180.3790283203125,145.5145263671875,-414.16632080078125,158.08554077148438,176.46609497070312,-1.7929290533065796,8.131219863891602,0,0,7
35,1778667132.925018,OBS_IMAGE_1/frame_000035.jpg,98.41449737548828,63.15019607543945,37.456111907958984,-14.208755493164062,-88.25248718261719,180.3961944580078,145.59930419921875,-414.2091064453125,158.12867736816406,176.4080047607422,-1.7689226865768433,8.128729820251465,0,0,7
36,1778667132.9825816,OBS_IMAGE_1/frame_000036.jpg,98.41451263427734,63.15030288696289,37.45603561401367,-14.214935302734375,-88.26622009277344,180.4010009765625,145.58399963378906,-414.21832275390625,158.1390380859375,176.4019317626953,-1.755549430847168,8.123278617858887,0,0,7
37,1778667133.03988,OBS_IMAGE_1/frame_000037.jpg,98.41434478759766,63.15030288696289,37.456058502197266,-14.20806884765625,-88.27102661132812,180.39962768554688,145.57589721679688,-414.2121276855469,158.12615966796875,176.40875244140625,-1.7506314516067505,8.123968124389648,0,0,7
38,1778667133.0979178,OBS_IMAGE_1/frame_000038.jpg,98.41429901123047,63.150272369384766,37.456085205078125,-14.211502075195312,-88.26828002929688,180.39894104003906,145.5793914794922,-414.2154541015625,158.1326904296875,176.40530395507812,-1.7533469200134277,8.124883651733398,0,0,5
39,1778667133.155258,OBS_IMAGE_1/frame_000039.jpg,98.4141845703125,63.15018844604492,37.456146240234375,-14.203948974609375,-88.26553344726562,180.4010009765625,145.58067321777344,-414.2069396972656,158.1192626953125,176.4129180908203,-1.756178855895996,8.122658729553223,0,0,5
40,1778667133.2124798,OBS_IMAGE_1/frame_000040.jpg,98.41412353515625,63.1501350402832,37.456153869628906,-14.200515747070312,-88.27102661132812,180.4010009765625,145.5730438232422,-414.204345703125,158.11314392089844,176.41629028320312,-1.75067937374115,8.122143745422363,0,0,5
41,1778667133.2695777,OBS_IMAGE_1/frame_000041.jpg,98.41405487060547,63.15009307861328,37.456241607666016,-14.197769165039062,-88.26484680175781,180.4003143310547,145.57949829101562,-414.2002868652344,158.1082305908203,176.41908264160156,-1.7567898035049438,8.123062133789062,0,0,5
42,1778667133.3271291,OBS_IMAGE_1/frame_000042.jpg,98.41398620605469,63.14999771118164,37.45631408691406,-14.195709228515625,-88.26210021972656,180.4016876220703,145.5819549560547,-414.1976318359375,158.10491943359375,176.4211883544922,-1.7596063613891602,8.121731758117676,0,0,5
43,1778667133.3845959,OBS_IMAGE_1/frame_000043.jpg,98.41388702392578,63.14990997314453,37.456336975097656,-14.190902709960938,-88.26278686523438,180.39962768554688,145.5796661376953,-414.1927490234375,158.09664916992188,176.4258575439453,-1.7587684392929077,8.123505592346191,0,0,5
44,1778667133.4419718,OBS_IMAGE_1/frame_000044.jpg,98.41389465332031,63.14983367919922,37.456417083740234,-14.190902709960938,-88.26210021972656,180.39825439453125,145.5805206298828,-414.1924743652344,158.09686279296875,176.4258270263672,-1.7593681812286377,8.12492561340332,0,0,5
45,1778667133.4992251,OBS_IMAGE_1/frame_000045.jpg,98.41383361816406,63.1497802734375,37.45646667480469,-14.185409545898438,-88.2586669921875,180.39962768554688,145.5832977294922,-414.18597412109375,158.08709716796875,176.43138122558594,-1.762852430343628,8.123538970947266,0,0,5
46,1778667133.5569835,OBS_IMAGE_1/frame_000046.jpg,98.41377258300781,63.14973449707031,37.45647048950195,-14.184722900390625,-88.26004028320312,180.4010009765625,145.5811004638672,-414.18560791015625,158.08612060546875,176.4320526123047,-1.761564016342163,8.122000694274902,0,0,7
47,1778667133.6146507,OBS_IMAGE_1/frame_000047.jpg,98.41378784179688,63.1498908996582,37.45733642578125,-14.182662963867188,-88.25729370117188,180.4010009765625,145.58395385742188,-414.18145751953125,158.07730102539062,176.43515014648438,-1.7642894983291626,8.122090339660645,0,0,7
48,1778667133.6733782,OBS_IMAGE_1/frame_000048.jpg,98.41377258300781,63.16896057128906,37.47943878173828,-14.249267578125,-88.25729370117188,180.40306091308594,145.58900451660156,-414.2162780761719,157.95484924316406,176.40977478027344,-1.7645478248596191,8.120803833007812,0,0,7
49,1778667133.7313511,OBS_IMAGE_1/frame_000049.jpg,98.41374969482422,63.259033203125,37.57579803466797,-14.427108764648438,-88.26004028320312,180.4010009765625,145.5895233154297,-414.24395751953125,157.16224670410156,176.4182891845703,-1.7616339921951294,8.122396469116211,0,0,7
50,1778667133.7890742,OBS_IMAGE_1/frame_000050.jpg,98.41374969482422,63.42628860473633,37.75621795654297,-14.766311645507812,-88.25660705566406,180.4003143310547,145.60142517089844,-414.2955627441406,155.7007293701172,176.4267578125,-1.764974594116211,8.123043060302734,0,0,7
51,1778667133.8463206,OBS_IMAGE_1/frame_000051.jpg,98.41374206542969,63.651222229003906,37.9999885559082,-15.204391479492188,-88.25523376464844,180.39825439453125,145.60850524902344,-414.3327941894531,153.69735717773438,176.4573516845703,-1.7660623788833618,8.124227523803711,0,0,7
52,1778667133.903768,OBS_IMAGE_1/frame_000052.jpg,98.41373443603516,63.944637298583984,38.316802978515625,-15.851898193359375,-88.25454711914062,180.39825439453125,145.62615966796875,-414.44677734375,151.23023986816406,176.42005920410156,-1.7669355869293213,8.125412940979004,0,0,7
53,1778667133.9617736,OBS_IMAGE_1/frame_000053.jpg,98.4136962890625,64.32918548583984,38.736358642578125,-16.66351318359375,-88.253173828125,180.39825439453125,145.6376953125,-414.5152282714844,147.91180419921875,176.4125518798828,-1.7683439254760742,8.125696182250977,0,0,7
54,1778667134.0192385,OBS_IMAGE_1/frame_000054.jpg,98.41372680664062,64.73749542236328,39.175594329833984,-17.494354248046875,-88.25386047363281,180.39756774902344,145.6383514404297,-414.52386474609375,144.36363220214844,176.42922973632812,-1.7675318717956543,8.125850677490234,0,0,7
55,1778667134.0756514,OBS_IMAGE_1/frame_000055.jpg,98.41371154785156,65.17398071289062,39.648841857910156,-18.3856201171875,-88.25248718261719,180.4010009765625,145.6338653564453,-414.4828796386719,140.5644073486328,176.44781494140625,-1.7690223455429077,8.12192440032959,0,0,7
56,1778667134.1350117,OBS_IMAGE_1/frame_000056.jpg,98.4137191772461,65.54328918457031,40.04855728149414,-19.196548461914062,-88.24905395507812,180.3961944580078,145.6366729736328,-414.4730529785156,137.46180725097656,176.40577697753906,-1.7723603248596191,8.128239631652832,0,0,7
57,1778667134.1905262,OBS_IMAGE_1/frame_000057.jpg,98.41373443603516,65.86701965332031,40.400638580322266,-19.839935302734375,-88.24905395507812,180.39894104003906,145.6200408935547,-414.3599853515625,134.6142578125,176.43829345703125,-1.772369146347046,8.124507904052734,0,0,7
58,1778667134.248087,OBS_IMAGE_1/frame_000058.jpg,98.4137191772461,66.08373260498047,40.637290954589844,-20.302047729492188,-88.25042724609375,180.4003143310547,145.6096954345703,-414.3021240234375,132.76341247558594,176.42958068847656,-1.7711281776428223,8.123308181762695,0,0,7
59,1778667134.3050103,OBS_IMAGE_1/frame_000059.jpg,98.41373443603516,66.264404296875,40.83084487915039,-20.650863647460938,-88.25180053710938,180.39688110351562,145.59481811523438,-414.212158203125,131.1716766357422,176.4548797607422,-1.769416332244873,8.125879287719727,0,0,7
60,1778667134.3626363,OBS_IMAGE_1/frame_000060.jpg,98.41372680664062,66.3628158569336,40.93620681762695,-20.858230590820312,-88.24905395507812,180.39756774902344,145.59310913085938,-414.17816162109375,130.33750915527344,176.45132446289062,-1.772218108177185,8.125468254089355,0,0,7
61,1778667134.4217849,OBS_IMAGE_1/frame_000061.jpg,98.41370391845703,66.39823150634766,40.974857330322266,-20.925521850585938,-88.25248718261719,180.39756774902344,145.5855712890625,-414.15679931640625,130.02044677734375,176.4580841064453,-1.7687573432922363,8.125025749206543,0,0,7
62,1778667134.4805954,OBS_IMAGE_1/frame_000062.jpg,98.4137191772461,66.40055847167969,40.97771072387695,-20.957107543945312,-88.25042724609375,180.39688110351562,145.5922088623047,-414.18389892578125,130.0481414794922,176.43165588378906,-1.7709033489227295,8.126668930053711,0,0,7
63,1778667134.5333467,OBS_IMAGE_1/frame_000063.jpg,98.4136962890625,66.40058135986328,40.977630615234375,-20.95367431640625,-88.25180053710938,180.39894104003906,145.5898895263672,-414.18060302734375,130.04200744628906,176.43508911132812,-1.769644021987915,8.124402046203613,0,0,7
64,1778667134.588413,OBS_IMAGE_1/frame_000064.jpg,98.41373443603516,66.40052795410156,40.97749328613281,-20.957107543945312,-88.25180053710938,180.3948211669922,145.59072875976562,-414.1845397949219,130.04933166503906,176.43133544921875,-1.7694058418273926,8.128661155700684,0,0,7
65,1778667134.6440582,OBS_IMAGE_1/frame_000065.jpg,98.41372680664062,66.40048217773438,40.977378845214844,-20.95367431640625,-88.24630737304688,180.39825439453125,145.5967559814453,-414.1800842285156,130.04405212402344,176.43475341796875,-1.77508544921875,8.125467300415039,0,0,5
66,1778667134.7024457,OBS_IMAGE_1/frame_000066.jpg,98.41371154785156,66.40039825439453,40.977272033691406,-20.952987670898438,-88.25111389160156,180.39756774902344,145.5908203125,-414.1805114746094,130.04371643066406,176.43519592285156,-1.7702431678771973,8.125824928283691,0,0,5
67,1778667134.7600644,OBS_IMAGE_1/frame_000067.jpg,98.41371154785156,66.40028381347656,40.97712707519531,-20.954360961914062,-88.24974060058594,180.3948211669922,145.59274291992188,-414.1820983886719,130.0478057861328,176.43348693847656,-1.7714511156082153,8.128703117370605,0,0,5
68,1778667134.8172202,OBS_IMAGE_1/frame_000068.jpg,98.41373443603516,66.40021514892578,40.977054595947266,-20.946121215820312,-88.24836730957031,180.39688110351562,145.59323120117188,-414.1730041503906,130.03358459472656,176.44166564941406,-1.7729092836380005,8.126501083374023,0,0,5
69,1778667134.8749998,OBS_IMAGE_1/frame_000069.jpg,98.41374206542969,66.40010833740234,40.97700500488281,-20.947494506835938,-88.24836730957031,180.3955078125,145.59352111816406,-414.1746520996094,130.03713989257812,176.44009399414062,-1.772831678390503,8.12792682647705,0,0,5
70,1778667134.9324872,OBS_IMAGE_1/frame_000070.jpg,98.41373443603516,66.40001678466797,40.97697830200195,-20.946807861328125,-88.24974060058594,180.39688110351562,145.59173583984375,-414.17425537109375,130.0366668701172,176.44068908691406,-1.7715435028076172,8.126445770263672,0,0,5
71,1778667134.9895499,OBS_IMAGE_1/frame_000071.jpg,98.41374969482422,66.3998794555664,40.976924896240234,-20.944747924804688,-88.24699401855469,180.3948211669922,145.59487915039062,-414.1716613769531,130.0342559814453,176.4425048828125,-1.7741475105285645,8.128636360168457,0,0,5
72,1778667135.0469763,OBS_IMAGE_1/frame_000072.jpg,98.41371154785156,66.39982604980469,40.9769172668457,-20.943374633789062,-88.25042724609375,180.39825439453125,145.59024047851562,-414.1709289550781,130.03204345703125,176.44390869140625,-1.7709274291992188,8.124913215637207,0,0,5
73,1778667135.10525,OBS_IMAGE_1/frame_000073.jpg,98.41372680664062,66.3997802734375,40.97686767578125,-20.942001342773438,-88.24905395507812,180.3961944580078,145.59178161621094,-414.1692810058594,130.0301055908203,176.4451446533203,-1.7721638679504395,8.127029418945312,0,0,7
74,1778667135.1633906,OBS_IMAGE_1/frame_000074.jpg,98.41372680664062,66.39987182617188,40.97640609741211,-20.93994140625,-88.24836730957031,180.39413452148438,145.5924072265625,-414.1677551269531,130.0277557373047,176.44676208496094,-1.7727130651474,8.129076957702637,0,0,7
75,1778667135.2206907,OBS_IMAGE_1/frame_000075.jpg,98.41374206542969,66.43104553222656,40.95737075805664,-20.95916748046875,-88.24836730957031,180.39344787597656,145.59817504882812,-414.20611572265625,129.9141387939453,176.4396514892578,-1.7727055549621582,8.129995346069336,0,0,7
76,1778667135.2775536,OBS_IMAGE_1/frame_000076.jpg,98.4136962890625,66.59700012207031,40.8622932434082,-20.913162231445312,-88.24974060058594,180.39207458496094,145.6006317138672,-414.2362060546875,129.0088653564453,176.55654907226562,-1.7706698179244995,8.127626419067383,0,0,7
77,1778667135.3357334,OBS_IMAGE_1/frame_000077.jpg,98.41361999511719,66.87065887451172,40.70119857788086,-20.798492431640625,-88.24699401855469,180.39138793945312,145.60488891601562,-414.2460632324219,127.46397399902344,176.78387451171875,-1.772225022315979,8.121369361877441,0,0,7
78,1778667135.3928866,OBS_IMAGE_1/frame_000078.jpg,98.41346740722656,67.20891571044922,40.502323150634766,-20.652923583984375,-88.2476806640625,180.39207458496094,145.60284423828125,-414.2459411621094,125.54545593261719,177.0689697265625,-1.7700990438461304,8.111679077148438,0,0,7
79,1778667135.4509711,OBS_IMAGE_1/frame_000079.jpg,98.41325378417969,67.50041198730469,40.33186340332031,-20.5169677734375,-88.24699401855469,180.38658142089844,145.59893798828125,-414.22467041015625,123.86840057373047,177.325927734375,-1.7691571712493896,8.109051704406738,0,0,7
80,1778667135.508351,OBS_IMAGE_1/frame_000080.jpg,98.41307830810547,67.64934539794922,40.243553161621094,-20.432510375976562,-88.24424743652344,180.38658142089844,145.59677124023438,-414.19635009765625,122.98974609375,177.47108459472656,-1.771125078201294,8.10451602935791,0,0,7
81,1778667135.5653381,OBS_IMAGE_1/frame_000081.jpg,98.41294860839844,67.6866226196289,40.22098922729492,-20.444183349609375,-88.24493408203125,180.38108825683594,145.59950256347656,-414.22711181640625,122.83137512207031,177.4739532470703,-1.770180583000183,8.109752655029297,0,0,7
82,1778667135.6231146,OBS_IMAGE_1/frame_000082.jpg,98.41292572021484,67.68827056884766,40.220401763916016,-20.451736450195312,-88.24699401855469,180.38246154785156,145.59808349609375,-414.2359924316406,122.83524322509766,177.4674835205078,-1.7682178020477295,8.1084623336792,1,0,7
83,1778667135.6806889,OBS_IMAGE_1/frame_000083.jpg,98.41287231445312,67.68838500976562,40.22060775756836,-20.444869995117188,-88.24287414550781,180.38108825683594,145.60145568847656,-414.2271728515625,122.82115173339844,177.4746551513672,-1.7722347974777222,8.109746932983398,1,0,7
84,1778667135.7380896,OBS_IMAGE_1/frame_000084.jpg,98.41280364990234,67.68830871582031,40.22091293334961,-20.441436767578125,-88.24287414550781,180.3783416748047,145.6002655029297,-414.22296142578125,122.81411743164062,177.47824096679688,-1.7720946073532104,8.1123046875,1,0,7
85,1778667135.7949855,OBS_IMAGE_1/frame_000085.jpg,98.41279602050781,67.68827056884766,40.22114562988281,-20.43731689453125,-88.24424743652344,180.3797149658203,145.5978240966797,-414.21820068359375,122.80586242675781,177.4825897216797,-1.770760416984558,8.11073112487793,1,0,5
86,1778667135.85285,OBS_IMAGE_1/frame_000086.jpg,98.41280364990234,67.688232421875,40.22130584716797,-20.4345703125,-88.24287414550781,180.37696838378906,145.59902954101562,-414.2145690917969,122.80050659179688,177.48538208007812,-1.7719967365264893,8.113454818725586,1,0,5
87,1778667135.9119506,OBS_IMAGE_1/frame_000087.jpg,98.41278839111328,67.68815612792969,40.22140884399414,-20.4290771484375,-88.24630737304688,180.3790283203125,145.5938720703125,-414.2088928222656,122.79051971435547,177.49095153808594,-1.7686281204223633,8.111061096191406,1,0,5
88,1778667135.9695473,OBS_IMAGE_1/frame_000088.jpg,98.41277313232422,67.68811798095703,40.221492767333984,-20.425643920898438,-88.24493408203125,180.3790283203125,145.59483337402344,-414.2047119140625,122.78423309326172,177.4944305419922,-1.7699817419052124,8.111000061035156,1,0,5
89,1778667136.0273042,OBS_IMAGE_1/frame_000089.jpg,98.41279602050781,67.68804931640625,40.22152328491211,-20.418777465820312,-88.24287414550781,180.37765502929688,145.5963134765625,-414.1965637207031,122.77220916748047,177.50123596191406,-1.7719438076019287,8.112272262573242,1,0,5
90,1778667136.0855353,OBS_IMAGE_1/frame_000090.jpg,98.41275024414062,67.68797302246094,40.2215576171875,-20.414657592773438,-88.23875427246094,180.37628173828125,145.60028076171875,-414.1912841796875,122.76535034179688,177.5052947998047,-1.7759785652160645,8.113656997680664,1,0,5
91,1778667136.143459,OBS_IMAGE_1/frame_000091.jpg,98.41281127929688,67.68791961669922,40.22157287597656,-20.413284301757812,-88.24150085449219,180.37216186523438,145.59719848632812,-414.1900939941406,122.76305389404297,177.50648498535156,-1.7730484008789062,8.11767578125,1,0,5
92,1778667136.2008073,OBS_IMAGE_1/frame_000092.jpg,98.41276550292969,67.68785095214844,40.22157287597656,-20.408477783203125,-88.24493408203125,180.3742218017578,145.59194946289062,-414.18548583984375,122.75476837158203,177.5112762451172,-1.769683599472046,8.115273475646973,1,0,5
93,1778667136.257954,OBS_IMAGE_1/frame_000093.jpg,98.41279602050781,67.68782806396484,40.2215461730957,-20.4071044921875,-88.2421875,180.37353515625,145.59521484375,-414.1834716796875,122.75265502929688,177.51258850097656,-1.7723908424377441,8.11606502532959,1,0,5
94,1778667136.3159533,OBS_IMAGE_1/frame_000094.jpg,98.41279602050781,67.6877670288086,40.22157287597656,-20.402984619140625,-88.24493408203125,180.37216186523438,145.5912322998047,-414.1793212890625,122.74542236328125,177.51661682128906,-1.7695661783218384,8.117192268371582,1,0,5
95,1778667136.3726218,OBS_IMAGE_1/frame_000095.jpg,98.41275787353516,67.687744140625,40.22157287597656,-20.400238037109375,-88.24287414550781,180.37078857421875,145.593017578125,-414.17596435546875,122.74066925048828,177.51931762695312,-1.7715506553649902,8.118535995483398,1,0,5
96,1778667136.430133,OBS_IMAGE_1/frame_000096.jpg,98.41278839111328,67.6877212524414,40.22159194946289,-20.397491455078125,-88.24012756347656,180.37216186523438,145.59603881835938,-414.17230224609375,122.73590087890625,177.52210998535156,-1.7743399143218994,8.11722469329834,1,0,5
97,1778667136.4886005,OBS_IMAGE_1/frame_000097.jpg,98.41277313232422,67.68769836425781,40.2215576171875,-20.395431518554688,-88.23875427246094,180.36941528320312,145.59725952148438,-414.16986083984375,122.7325210571289,177.5240478515625,-1.7755829095840454,8.119953155517578,1,0,5
98,1778667136.5451722,OBS_IMAGE_1/frame_000098.jpg,98.41275787353516,67.6876449584961,40.221588134765625,-20.390625,-88.23944091796875,180.36941528320312,145.5955352783203,-414.16461181640625,122.72406768798828,177.52882385253906,-1.7748725414276123,8.11976146697998,1,0,5
99,1778667136.6024354,OBS_IMAGE_1/frame_000099.jpg,98.41279602050781,67.68762969970703,40.221588134765625,-20.390625,-88.24287414550781,180.36941528320312,145.5939483642578,-414.16485595703125,122.72412109375,177.5288848876953,-1.7736190557479858,8.116964340209961,1,0,5
100,1778667136.6600394,OBS_IMAGE_1/frame_000100.jpg,98.41281127929688,67.68761444091797,40.221588134765625,-20.391998291015625,-88.24287414550781,180.37078857421875,145.592041015625,-414.1666564941406,122.72663879394531,177.52745056152344,-1.7715089321136475,8.118338584899902,1,0,5
101,1778667136.7178178,OBS_IMAGE_1/frame_000101.jpg,98.41280364990234,67.68761444091797,40.22157287597656,-20.387191772460938,-88.24150085449219,180.3728485107422,145.59280395507812,-414.16107177734375,122.71803283691406,177.5323028564453,-1.7729449272155762,8.116177558898926,1,0,5
102,1778667136.7757432,OBS_IMAGE_1/frame_000102.jpg,98.41279602050781,67.68760681152344,40.22159194946289,-20.38787841796875,-88.24150085449219,180.36666870117188,145.59286499023438,-414.1618347167969,122.71928405761719,177.53143310546875,-1.7726823091506958,8.122368812561035,1,0,5
103,1778667136.8349547,OBS_IMAGE_1/frame_000103.jpg,98.41279602050781,67.68761444091797,40.221588134765625,-20.387191772460938,-88.23944091796875,180.36666870117188,145.59521484375,-414.16070556640625,122.71804809570312,177.5321502685547,-1.774736762046814,8.122435569763184,1,0,5
104,1778667136.890275,OBS_IMAGE_1/frame_000104.jpg,98.4128189086914,67.68758392333984,40.221588134765625,-20.384445190429688,-88.23806762695312,180.36666870117188,145.5966033935547,-414.1573181152344,122.71337127685547,177.5348663330078,-1.7760950326919556,8.122438430786133,1,0,5
105,1778667136.9427238,OBS_IMAGE_1/frame_000105.jpg,98.4128189086914,67.68756103515625,40.221553802490234,-20.383758544921875,-88.24356079101562,180.3687286376953,145.5899200439453,-414.1576232910156,122.71222686767578,177.53553771972656,-1.7706924676895142,8.120122909545898,1,0,5
106,1778667136.9998367,OBS_IMAGE_1/frame_000106.jpg,98.41278076171875,67.68756866455078,40.22157287597656,-20.386505126953125,-88.24287414550781,180.36460876464844,145.5908966064453,-414.16064453125,122.71709442138672,177.53268432617188,-1.7712149620056152,8.124314308166504,1,0,5
107,1778667137.0571558,OBS_IMAGE_1/frame_000107.jpg,98.41278076171875,67.68760681152344,40.22160720825195,-20.384445190429688,-88.24012756347656,180.3673553466797,145.59384155273438,-414.1577453613281,122.71305084228516,177.534912109375,-1.77406644821167,8.121621131896973,1,0,5
108,1778667137.1149337,OBS_IMAGE_1/frame_000108.jpg,98.41281127929688,67.68756103515625,40.22156524658203,-20.381698608398438,-88.24356079101562,180.3680419921875,145.5894775390625,-414.1553039550781,122.70843505859375,177.53758239746094,-1.770652413368225,8.120731353759766,1,0,5
109,1778667137.171929,OBS_IMAGE_1/frame_000109.jpg,98.41279602050781,67.68758392333984,40.221553802490234,-20.381698608398438,-88.24287414550781,180.36598205566406,145.59019470214844,-414.1552429199219,122.70836639404297,177.53753662109375,-1.771249771118164,8.122806549072266,1,0,5
110,1778667137.2296407,OBS_IMAGE_1/frame_000110.jpg,98.41280364990234,67.68759155273438,40.2215576171875,-20.379638671875,-88.24424743652344,180.3673553466797,145.5882568359375,-414.15313720703125,122.70449829101562,177.53964233398438,-1.7699263095855713,8.121317863464355,1,0,5
111,1778667137.2873325,OBS_IMAGE_1/frame_000111.jpg,98.41280364990234,67.68757629394531,40.22156524658203,-20.381011962890625,-88.24150085449219,180.3673553466797,145.59178161621094,-414.1541748046875,122.70716094970703,177.53826904296875,-1.7726773023605347,8.121478080749512,1,0,5
112,1778667137.3442411,OBS_IMAGE_1/frame_000112.jpg,98.41281127929688,67.68758392333984,40.22159957885742,-20.381698608398438,-88.24081420898438,180.36529541015625,145.59275817871094,-414.15472412109375,122.7082290649414,177.53756713867188,-1.7732781171798706,8.1235933303833,1,0,5
113,1778667137.405426,OBS_IMAGE_1/frame_000113.jpg,98.41280364990234,67.68757629394531,40.2215461730957,-20.380325317382812,-88.24356079101562,180.36529541015625,145.58920288085938,-414.15380859375,122.7059326171875,177.5388641357422,-1.7705274820327759,8.123428344726562,1,0,5
114,1778667137.4627128,OBS_IMAGE_1/frame_000114.jpg,98.41279602050781,67.6875991821289,40.22157287597656,-20.378952026367188,-88.24493408203125,180.36529541015625,145.58726501464844,-414.1524658203125,122.70311737060547,177.540283203125,-1.7691482305526733,8.123318672180176,1,0,5
115,1778667137.5286694,OBS_IMAGE_1/frame_000115.jpg,98.41281127929688,67.68759155273438,40.2215461730957,-20.380325317382812,-88.24081420898438,180.3632354736328,145.59254455566406,-414.1532897949219,122.7059326171875,177.53883361816406,-1.7731828689575195,8.125611305236816,1,0,7
116,1778667137.585544,OBS_IMAGE_1/frame_000116.jpg,98.41278839111328,67.68685150146484,40.22233963012695,-20.379638671875,-88.2421875,180.36529541015625,145.59048461914062,-414.15179443359375,122.70664978027344,177.5396270751953,-1.7718956470489502,8.12345027923584,1,0,7
117,1778667137.6436503,OBS_IMAGE_1/frame_000117.jpg,98.41279602050781,67.63553619384766,40.252620697021484,-20.364532470703125,-88.24356079101562,180.36529541015625,145.58309936523438,-414.1128845214844,122.92981719970703,177.53369140625,-1.7705535888671875,8.123580932617188,1,0,7
118,1778667137.700456,OBS_IMAGE_1/frame_000118.jpg,98.4128189086914,67.4754409790039,40.34626388549805,-20.39337158203125,-88.24287414550781,180.36392211914062,145.57875061035156,-414.0763854980469,123.76744079589844,177.43832397460938,-1.7716566324234009,8.127957344055176,1,0,7
119,1778667137.757791,OBS_IMAGE_1/frame_000119.jpg,98.41289520263672,67.17254638671875,40.52326202392578,-20.535507202148438,-88.2421875,180.36941528320312,145.58367919921875,-414.10015869140625,125.51152801513672,177.1703338623047,-1.773926854133606,8.130870819091797,1,0,7
120,1778667137.8152611,OBS_IMAGE_1/frame_000120.jpg,98.41297912597656,66.8555679321289,40.70882034301758,-20.67626953125,-88.24287414550781,180.37078857421875,145.58453369140625,-414.10748291015625,127.32012939453125,176.89805603027344,-1.7746353149414062,8.137975692749023,1,0,7
121,1778667137.8731904,OBS_IMAGE_1/frame_000121.jpg,98.41316223144531,66.57208251953125,40.875022888183594,-20.815658569335938,-88.24287414550781,180.37147521972656,145.58790588378906,-414.120849609375,128.9607391357422,176.64129638671875,-1.7758896350860596,8.145428657531738,1,0,7
122,1778667137.9312081,OBS_IMAGE_1/frame_000122.jpg,98.41331481933594,66.43180084228516,40.95771789550781,-20.875396728515625,-88.24356079101562,180.37078857421875,145.5872344970703,-414.1138916015625,129.7534942626953,176.5238800048828,-1.7757071256637573,8.149867057800293,1,0,7
123,1778667137.9878776,OBS_IMAGE_1/frame_000123.jpg,98.41339874267578,66.3998031616211,40.977725982666016,-20.856170654296875,-88.24493408203125,180.3742218017578,145.58029174804688,-414.07415771484375,129.86883544921875,176.53123474121094,-1.7745108604431152,8.146212577819824,1,0,7
124,1778667138.0448954,OBS_IMAGE_1/frame_000124.jpg,98.41345977783203,66.3989028930664,40.97792434692383,-20.854110717773438,-88.24493408203125,180.3728485107422,145.58042907714844,-414.0719299316406,129.8709259033203,176.5325469970703,-1.7744214534759521,8.147603034973145,1,0,7
125,1778667138.103686,OBS_IMAGE_1/frame_000125.jpg,98.41352081298828,66.39887237548828,40.9777946472168,-20.856170654296875,-88.24836730957031,180.37559509277344,145.57711791992188,-414.07489013671875,129.8754119873047,176.5303955078125,-1.7711710929870605,8.144783020019531,1,0,7
126,1778667138.1602263,OBS_IMAGE_1/frame_000126.jpg,98.41360473632812,66.39883422851562,40.97761535644531,-20.859603881835938,-88.2476806640625,180.37628173828125,145.5791473388672,-414.07867431640625,129.88282775878906,176.52676391601562,-1.7719151973724365,8.144332885742188,1,0,7
127,1778667138.2177646,OBS_IMAGE_1/frame_000127.jpg,98.41368865966797,66.39887237548828,40.97743225097656,-20.864410400390625,-88.24424743652344,180.37353515625,145.584716796875,-414.0834045410156,129.8922882080078,176.52174377441406,-1.7751986980438232,8.147525787353516,1,0,5
128,1778667138.2761006,OBS_IMAGE_1/frame_000128.jpg,98.41365051269531,66.39894104003906,40.977230072021484,-20.869903564453125,-88.24630737304688,180.3783416748047,145.5828857421875,-414.0902404785156,129.90269470214844,176.51625061035156,-1.7734607458114624,8.14273452758789,1,0,5
129,1778667138.3333216,OBS_IMAGE_1/frame_000129.jpg,98.41366577148438,66.39893341064453,40.977115631103516,-20.874710083007812,-88.24974060058594,180.37696838378906,145.57968139648438,-414.0962829589844,129.9119415283203,176.51126098632812,-1.7699737548828125,8.144062995910645,1,0,5
130,1778667138.3899739,OBS_IMAGE_1/frame_000130.jpg,98.41371154785156,66.39899444580078,40.97702407836914,-20.8795166015625,-88.24630737304688,180.3797149658203,145.58494567871094,-414.1009216308594,129.9208221435547,176.50653076171875,-1.7735905647277832,8.14172649383545,1,0,5
131,1778667138.4468954,OBS_IMAGE_1/frame_000131.jpg,98.4136962890625,66.3990249633789,40.976985931396484,-20.881576538085938,-88.24836730957031,180.37765502929688,145.5827178955078,-414.1036376953125,129.92449951171875,176.50437927246094,-1.771418809890747,8.143708229064941,1,0,5
132,1778667138.5053995,OBS_IMAGE_1/frame_000132.jpg,98.41374206542969,66.39907836914062,40.97687530517578,-20.887069702148438,-88.24699401855469,180.3797149658203,145.5855712890625,-414.10943603515625,129.93470764160156,176.4989013671875,-1.7729414701461792,8.141947746276855,1,0,5
133,1778667138.5628805,OBS_IMAGE_1/frame_000133.jpg,98.41372680664062,66.39908599853516,40.976898193359375,-20.88775634765625,-88.24836730957031,180.3783416748047,145.58392333984375,-414.1104431152344,129.93577575683594,176.49818420410156,-1.7714899778366089,8.143241882324219,1,0,5
134,1778667138.6209054,OBS_IMAGE_1/frame_000134.jpg,98.41374969482422,66.39913940429688,40.976898193359375,-20.891876220703125,-88.24905395507812,180.38040161132812,145.58395385742188,-414.1149597167969,129.94288635253906,176.4941864013672,-1.7709497213363647,8.141295433044434,1,0,7
135,1778667138.6789238,OBS_IMAGE_1/frame_000135.jpg,98.4137191772461,66.39920806884766,40.976898193359375,-20.89874267578125,-88.24699401855469,180.3783416748047,145.5872802734375,-414.1221008300781,129.95504760742188,176.48731994628906,-1.7729119062423706,8.143655776977539,1,0,9
136,1778667138.7310894,OBS_IMAGE_1/frame_000136.jpg,98.41373443603516,66.39921569824219,40.97687530517578,-20.89874267578125,-88.24356079101562,180.38040161132812,145.5915069580078,-414.1214904785156,129.95516967773438,176.48739624023438,-1.776464819908142,8.141822814941406,1,0,9
137,1778667138.786595,OBS_IMAGE_1/frame_000137.jpg,98.41374206542969,66.39923095703125,40.976863861083984,-20.898056030273438,-88.24493408203125,180.3790283203125,145.5897979736328,-414.1209716796875,129.9538116455078,176.488037109375,-1.7750067710876465,8.143095016479492,1,0,9
138,1778667138.843877,OBS_IMAGE_1/frame_000138.jpg,98.41374969482422,66.39927673339844,40.97686767578125,-20.90423583984375,-88.24905395507812,180.38108825683594,145.58595275878906,-414.1283874511719,129.964599609375,176.48194885253906,-1.7710500955581665,8.14098834991455,1,0,9
139,1778667138.9017828,OBS_IMAGE_1/frame_000139.jpg,98.41372680664062,66.39930725097656,40.97685623168945,-20.904922485351562,-88.24974060058594,180.38314819335938,145.5850372314453,-414.12933349609375,129.9656982421875,176.48133850097656,-1.7704943418502808,8.138882637023926,1,0,9
140,1778667138.9586897,OBS_IMAGE_1/frame_000140.jpg,98.41374969482422,66.39933776855469,40.97684860229492,-20.906295776367188,-88.25042724609375,180.38177490234375,145.58462524414062,-414.1308898925781,129.968017578125,176.4799346923828,-1.7697312831878662,8.140281677246094,1,0,9
141,1778667139.0176907,OBS_IMAGE_1/frame_000141.jpg,98.41373443603516,66.3993148803711,40.97685623168945,-20.905609130859375,-88.24836730957031,180.38314819335938,145.5868377685547,-414.12982177734375,129.96694946289062,176.4806671142578,-1.771868348121643,8.138995170593262,1,0,5
142,1778667139.0753143,OBS_IMAGE_1/frame_000142.jpg,98.41374969482422,66.39938354492188,40.97688293457031,-20.908355712890625,-88.24630737304688,180.38040161132812,145.58984375,-414.1322937011719,129.971435546875,176.47793579101562,-1.7737683057785034,8.141960144042969,1,0,5
143,1778667139.1332312,OBS_IMAGE_1/frame_000143.jpg,98.41374206542969,66.39939880371094,40.97687530517578,-20.911788940429688,-88.2476806640625,180.38246154785156,145.5886993408203,-414.1363220214844,129.97755432128906,176.47457885742188,-1.77254056930542,8.139917373657227,1,0,5
144,1778667139.190372,OBS_IMAGE_1/frame_000144.jpg,98.41376495361328,66.39940643310547,40.976863861083984,-20.913848876953125,-88.2476806640625,180.38246154785156,145.5892333984375,-414.1385192871094,129.98135375976562,176.47250366210938,-1.7725504636764526,8.140008926391602,1,0,5
145,1778667139.2482731,OBS_IMAGE_1/frame_000145.jpg,98.41371154785156,66.39939880371094,40.97685623168945,-20.913162231445312,-88.24974060058594,180.3852081298828,145.5862579345703,-414.1382751464844,129.98008728027344,176.47325134277344,-1.770660161972046,8.137063980102539,1,0,5
146,1778667139.3072298,OBS_IMAGE_1/frame_000146.jpg,98.4137191772461,66.39942169189453,40.976863861083984,-20.915908813476562,-88.24905395507812,180.3893280029297,145.5875701904297,-414.14111328125,129.98497009277344,176.4706573486328,-1.771612286567688,8.13308334350586,1,0,5
147,1778667139.3634427,OBS_IMAGE_1/frame_000147.jpg,98.41374969482422,66.39939880371094,40.97688293457031,-20.913162231445312,-88.24905395507812,180.38658142089844,145.58737182617188,-414.13800048828125,129.97999572753906,176.47332763671875,-1.7714297771453857,8.135775566101074,1,0,5
148,1778667139.4207616,OBS_IMAGE_1/frame_000148.jpg,98.41374969482422,66.39942169189453,40.97687530517578,-20.91522216796875,-88.24493408203125,180.384521484375,145.59263610839844,-414.1395263671875,129.9838104248047,176.4712371826172,-1.7754249572753906,8.13814926147461,1,0,5
149,1778667139.4773657,OBS_IMAGE_1/frame_000149.jpg,98.41370391845703,66.39942932128906,40.97686767578125,-20.920028686523438,-88.24630737304688,180.38314819335938,145.5914306640625,-414.1451110839844,129.9925537109375,176.4663848876953,-1.7739927768707275,8.13953685760498,1,0,5
150,1778667139.535761,OBS_IMAGE_1/frame_000150.jpg,98.41373443603516,66.39945983886719,40.97688293457031,-20.916595458984375,-88.2476806640625,180.38314819335938,145.58941650390625,-414.1415100097656,129.9858856201172,176.4698486328125,-1.7726054191589355,8.139371871948242,1,0,5
151,1778667139.6011105,OBS_IMAGE_1/frame_000151.jpg,98.41373443603516,66.39942169189453,40.97687530517578,-20.917282104492188,-88.24630737304688,180.38589477539062,145.5911865234375,-414.1420593261719,129.98753356933594,176.46920776367188,-1.7741488218307495,8.136736869812012,1,0,7
152,1778667139.6603587,OBS_IMAGE_1/frame_000152.jpg,98.41373443603516,66.39939880371094,40.97597122192383,-20.91796875,-88.24699401855469,180.3852081298828,145.59072875976562,-414.1446838378906,129.9930419921875,176.4675750732422,-1.7734289169311523,8.137430191040039,1,0,7
153,1778667139.7175543,OBS_IMAGE_1/frame_000153.jpg,98.41373443603516,66.392333984375,40.94215774536133,-20.866470336914062,-88.24699401855469,180.38658142089844,145.59263610839844,-414.1575622558594,130.10386657714844,176.47824096679688,-1.7734620571136475,8.135729789733887,1,0,7
154,1778667139.7742643,OBS_IMAGE_1/frame_000154.jpg,98.4137191772461,66.34404754638672,40.802303314208984,-20.718841552734375,-88.25180053710938,180.38589477539062,145.6067352294922,-414.29345703125,130.82568359375,176.4376678466797,-1.7688183784484863,8.137357711791992,1,0,7
155,1778667139.833247,OBS_IMAGE_1/frame_000155.jpg,98.41373443603516,66.2581558227539,40.540870666503906,-20.429763793945312,-88.24630737304688,180.384521484375,145.64755249023438,-414.523193359375,132.11990356445312,176.37937927246094,-1.7744938135147095,8.140888214111328,1,0,7
156,1778667139.8895757,OBS_IMAGE_1/frame_000156.jpg,98.4137191772461,66.14344787597656,40.18604278564453,-19.980010986328125,-88.2476806640625,180.38864135742188,145.68133544921875,-414.7637023925781,133.75917053222656,176.3596954345703,-1.7734789848327637,8.137287139892578,1,0,7
157,1778667139.947371,OBS_IMAGE_1/frame_000157.jpg,98.41371154785156,65.9939956665039,39.72570037841797,-19.3853759765625,-88.2476806640625,180.38795471191406,145.72325134277344,-415.0473937988281,135.8743133544922,176.34451293945312,-1.7735083103179932,8.138435363769531,1,0,7
158,1778667140.005307,OBS_IMAGE_1/frame_000158.jpg,98.41374206542969,65.79798126220703,39.11344909667969,-18.586807250976562,-88.24836730957031,180.38795471191406,145.77276611328125,-415.3865051269531,138.6592254638672,176.33480834960938,-1.77286958694458,8.138718605041504,1,0,7
159,1778667140.0626206,OBS_IMAGE_1/frame_000159.jpg,98.41373443603516,65.57746124267578,38.431854248046875,-17.62481689453125,-88.24836730957031,180.38726806640625,145.8113250732422,-415.6474914550781,141.65155029296875,176.39468383789062,-1.7725380659103394,8.137543678283691,1,0,7
160,1778667140.1198306,OBS_IMAGE_1/frame_000160.jpg,98.4137191772461,65.32194519042969,37.64419174194336,-16.500778198242188,-88.24836730957031,180.38864135742188,145.8463897705078,-415.8852233886719,145.10255432128906,176.4756317138672,-1.7722309827804565,8.133657455444336,1,0,7
161,1778667140.178251,OBS_IMAGE_1/frame_000161.jpg,98.41372680664062,65.01029205322266,36.67983627319336,-15.272369384765625,-88.24699401855469,180.3852081298828,145.9038848876953,-416.26226806640625,149.60397338867188,176.4279022216797,-1.7736196517944336,8.138650894165039,1,0,7
162,1778667140.2342904,OBS_IMAGE_1/frame_000162.jpg,98.41374969482422,64.68574523925781,35.67119216918945,-13.875045776367188,-88.25042724609375,180.3893280029297,145.92721557617188,-416.4470520019531,154.10943603515625,176.4921875,-1.7701359987258911,8.132368087768555,1,0,7
163,1778667140.291702,OBS_IMAGE_1/frame_000163.jpg,98.4137191772461,64.32427978515625,34.55974578857422,-12.390518188476562,-88.24287414550781,180.38864135742188,145.9596405029297,-416.6053771972656,159.21987915039062,176.50381469726562,-1.777575969696045,8.133121490478516,1,0,7
164,1778667140.3490047,OBS_IMAGE_1/frame_000164.jpg,98.41371154785156,63.91929244995117,33.302879333496094,-10.641632080078125,-88.24356079101562,180.38795471191406,145.9545135498047,-416.5768127441406,164.85711669921875,176.5908660888672,-1.7764214277267456,8.131058692932129,1,0,7
165,1778667140.4061937,OBS_IMAGE_1/frame_000165.jpg,98.41374969482422,63.51459884643555,32.05010986328125,-8.965530395507812,-88.25248718261719,180.3900146484375,145.93002319335938,-416.4830017089844,170.619140625,176.6095428466797,-1.767540693283081,8.127936363220215,1,0,7
166,1778667140.464341,OBS_IMAGE_1/frame_000166.jpg,98.41374969482422,63.18246078491211,31.02482032775879,-7.716522216796875,-88.24630737304688,180.38726806640625,145.9302215576172,-416.43353271484375,175.57406616210938,176.50100708007812,-1.7740788459777832,8.134395599365234,1,0,7
167,1778667140.5209963,OBS_IMAGE_1/frame_000167.jpg,98.41373443603516,62.837127685546875,29.952327728271484,-6.39129638671875,-88.24699401855469,180.39207458496094,145.90391540527344,-416.2621154785156,180.71084594726562,176.40850830078125,-1.7741438150405884,8.132408142089844,1,0,7
168,1778667140.5808563,OBS_IMAGE_1/frame_000168.jpg,98.41374969482422,62.54804992675781,29.062393188476562,-5.1889801025390625,-88.24836730957031,180.39138793945312,145.8531036376953,-415.9292297363281,184.80526733398438,176.43179321289062,-1.772615909576416,8.13230037689209,1,0,7
169,1778667140.6365933,OBS_IMAGE_1/frame_000169.jpg,98.4136962890625,62.29477310180664,28.279821395874023,-4.17205810546875,-88.24905395507812,180.39138793945312,145.80645751953125,-415.62200927734375,188.47259521484375,176.41285705566406,-1.7720235586166382,8.132795333862305,1,0,7
170,1778667140.6937335,OBS_IMAGE_1/frame_000170.jpg,98.41373443603516,62.063392639160156,27.55914878845215,-3.2430267333984375,-88.24836730957031,180.38658142089844,145.75978088378906,-415.2989501953125,191.84849548339844,176.38967895507812,-1.7725188732147217,8.138383865356445,1,0,7
171,1778667140.7513416,OBS_IMAGE_1/frame_000171.jpg,98.41374969482422,61.870643615722656,26.961435317993164,-2.407379150390625,-88.24424743652344,180.38864135742188,145.70947265625,-414.9239807128906,194.53411865234375,176.43496704101562,-1.7765411138534546,8.135198593139648,1,0,7
172,1778667140.8087897,OBS_IMAGE_1/frame_000172.jpg,98.41375732421875,61.724571228027344,26.51272964477539,-1.8683624267578125,-88.24905395507812,180.38589477539062,145.67323303222656,-414.7181701660156,196.7213134765625,176.3790740966797,-1.771841049194336,8.13938045501709,1,0,7
173,1778667140.8664927,OBS_IMAGE_1/frame_000173.jpg,98.41371154785156,61.615840911865234,26.17207145690918,-1.3932037353515625,-88.25180053710938,180.3900146484375,145.63418579101562,-414.4793701171875,198.24375915527344,176.40496826171875,-1.7692346572875977,8.134249687194824,1,0,7
174,1778667140.9240537,OBS_IMAGE_1/frame_000174.jpg,98.41374969482422,61.538795471191406,25.936986923217773,-1.0883331298828125,-88.24905395507812,180.3900146484375,145.615966796875,-414.33135986328125,199.35159301757812,176.39772033691406,-1.772011160850525,8.134687423706055,1,0,7
175,1778667140.9817307,OBS_IMAGE_1/frame_000175.jpg,98.41370391845703,61.49606704711914,25.80417823791504,-0.896759033203125,-88.24905395507812,180.38726806640625,145.59994506835938,-414.2254638671875,199.93572998046875,176.41368103027344,-1.771761178970337,8.136886596679688,1,0,7
176,1778667141.0395107,OBS_IMAGE_1/frame_000176.jpg,98.4137191772461,61.48542785644531,25.77130126953125,-0.836334228515625,-88.24905395507812,180.39138793945312,145.59402465820312,-414.18475341796875,200.05691528320312,176.43072509765625,-1.7719359397888184,8.13226318359375,1,0,7
177,1778667141.0923429,OBS_IMAGE_1/frame_000177.jpg,98.4137191772461,61.48480224609375,25.770009994506836,-0.8232879638671875,-88.2476806640625,180.3907012939453,145.5937042236328,-414.171142578125,200.04371643066406,176.4418487548828,-1.7732092142105103,8.132689476013184,1,0,7
178,1778667141.150951,OBS_IMAGE_1/frame_000178.jpg,98.41371154785156,61.48476791381836,25.770118713378906,-0.819854736328125,-88.24905395507812,180.3893280029297,145.5914306640625,-414.1675720214844,200.037109375,176.4453125,-1.7717361450195312,8.13386058807373,1,0,7
179,1778667141.2085154,OBS_IMAGE_1/frame_000179.jpg,98.41370391845703,61.48478698730469,25.770254135131836,-0.8164215087890625,-88.25111389160156,180.3900146484375,145.5883331298828,-414.1640930175781,200.0299530029297,176.44891357421875,-1.7697052955627441,8.132929801940918,1,0,7
180,1778667141.2653248,OBS_IMAGE_1/frame_000180.jpg,98.4137191772461,61.48480224609375,25.7703914642334,-0.817108154296875,-88.24699401855469,180.3893280029297,145.59347534179688,-414.1639404296875,200.0306396484375,176.44837951660156,-1.7737772464752197,8.13390064239502,1,0,5
181,1778667141.3251195,OBS_IMAGE_1/frame_000181.jpg,98.41374206542969,61.48482131958008,25.770492553710938,-0.8150482177734375,-88.25248718261719,180.3907012939453,145.58668518066406,-414.16253662109375,200.02603149414062,176.45057678222656,-1.7683690786361694,8.132142066955566,1,0,5
182,1778667141.3820305,OBS_IMAGE_1/frame_000182.jpg,98.41370391845703,61.48486328125,25.770593643188477,-0.8150482177734375,-88.25042724609375,180.39138793945312,145.58889770507812,-414.1622009277344,200.02532958984375,176.45074462890625,-1.7704668045043945,8.131545066833496,1,0,5
183,1778667141.4391165,OBS_IMAGE_1/frame_000183.jpg,98.41372680664062,61.48488235473633,25.770689010620117,-0.814361572265625,-88.24562072753906,180.38658142089844,145.59469604492188,-414.16046142578125,200.02365112304688,176.451416015625,-1.7749625444412231,8.136638641357422,1,0,5
184,1778667141.4967382,OBS_IMAGE_1/frame_000184.jpg,98.41371154785156,61.48497772216797,25.770784378051758,-0.8123016357421875,-88.24630737304688,180.38658142089844,145.5934295654297,-414.1583251953125,200.01869201660156,176.45367431640625,-1.7742663621902466,8.136512756347656,1,0,5
185,1778667141.5541904,OBS_IMAGE_1/frame_000185.jpg,98.4137191772461,61.48502731323242,25.770832061767578,-0.811614990234375,-88.24630737304688,180.38726806640625,145.59336853027344,-414.1575622558594,200.01686096191406,176.4544677734375,-1.7743051052093506,8.135808944702148,1,0,5
186,1778667141.6137223,OBS_IMAGE_1/frame_000186.jpg,98.41372680664062,61.48508071899414,25.770906448364258,-0.8109283447265625,-88.24905395507812,180.39207458496094,145.5900115966797,-414.1572265625,200.01473999023438,176.45542907714844,-1.7718570232391357,8.130821228027344,1,0,5
187,1778667141.6712968,OBS_IMAGE_1/frame_000187.jpg,98.41372680664062,61.48511505126953,25.7708797454834,-0.8095550537109375,-88.24974060058594,180.3907012939453,145.58897399902344,-414.1559143066406,200.01206970214844,176.45675659179688,-1.7710800170898438,8.132107734680176,1,0,5
188,1778667141.7235126,OBS_IMAGE_1/frame_000188.jpg,98.41374206542969,61.48511505126953,25.77090072631836,-0.8095550537109375,-88.24974060058594,180.3900146484375,145.5890655517578,-414.1558532714844,200.011962890625,176.45675659179688,-1.7710374593734741,8.132805824279785,1,0,5
189,1778667141.7782686,OBS_IMAGE_1/frame_000189.jpg,98.41373443603516,61.48516082763672,25.77094078063965,-0.8095550537109375,-88.24905395507812,180.39207458496094,145.59219360351562,-414.1557922363281,200.01144409179688,176.4569091796875,-1.7718496322631836,8.130762100219727,1,0,7
190,1778667141.8361335,OBS_IMAGE_1/frame_000190.jpg,98.3958969116211,61.472652435302734,25.78462028503418,-0.797882080078125,-88.22982788085938,180.38726806640625,145.47901916503906,-414.1642761230469,200.0216064453125,176.46971130371094,-1.7906793355941772,8.118529319763184,1,0,7
191,1778667141.8931227,OBS_IMAGE_1/frame_000191.jpg,98.27735900878906,61.3825798034668,25.86499786376953,-0.775909423828125,-88.2147216796875,180.32615661621094,144.617431640625,-414.306396484375,200.28762817382812,176.4801483154297,-1.8019464015960693,8.061568260192871,1,0,7
192,1778667141.9512174,OBS_IMAGE_1/frame_000192.jpg,97.99475860595703,61.168312072753906,26.060195922851562,-0.7525634765625,-88.20648193359375,180.10231018066406,142.53378295898438,-414.6696472167969,200.95310974121094,176.4774169921875,-1.7964144945144653,8.00286865234375,1,0,7
193,1778667142.0086408,OBS_IMAGE_1/frame_000193.jpg,97.55266571044922,60.83175277709961,26.366214752197266,-0.72235107421875,-88.20236206054688,179.681396484375,139.2637176513672,-415.2191162109375,202.01004028320312,176.46397399902344,-1.7746142148971558,7.981361389160156,1,0,7
194,1778667142.0662053,OBS_IMAGE_1/frame_000194.jpg,96.99119567871094,60.409732818603516,26.75152587890625,-0.6536865234375,-88.16459655761719,179.0771484375,135.1455535888672,-415.8403625488281,203.2683563232422,176.47677612304688,-1.7755135297775269,8.024616241455078,1,0,7
195,1778667142.1234746,OBS_IMAGE_1/frame_000195.jpg,96.29081726074219,59.88037109375,27.235794067382812,-0.5987548828125,-88.143310546875,178.38706970214844,129.98089599609375,-416.57733154296875,204.89137268066406,176.46487426757812,-1.7545114755630493,8.014342308044434,1,0,7
196,1778667142.18073,OBS_IMAGE_1/frame_000196.jpg,95.44976043701172,59.2448616027832,27.815704345703125,-0.4827117919921875,-88.12614440917969,177.56858825683594,123.764892578125,-417.306884765625,206.74374389648438,176.49986267089844,-1.7236642837524414,7.989825248718262,1,0,7
197,1778667142.2382336,OBS_IMAGE_1/frame_000197.jpg,94.39058685302734,58.44346618652344,28.546422958374023,-0.3769683837890625,-88.02864074707031,176.495361328125,116.03919982910156,-418.1015930175781,209.14280700683594,176.4971160888672,-1.757193922996521,8.007254600524902,1,0,7
198,1778667142.295546,OBS_IMAGE_1/frame_000198.jpg,93.25770568847656,57.58675003051758,29.32815933227539,-0.259552001953125,-88.00735473632812,175.34866333007812,107.68751525878906,-418.76007080078125,211.6720733642578,176.5032501220703,-1.7114847898483276,8.01947021484375,1,0,7
199,1778667142.3527508,OBS_IMAGE_1/frame_000199.jpg,91.88587951660156,56.55012512207031,30.273969650268555,-0.138702392578125,-87.95036315917969,173.9410400390625,97.63762664794922,-419.3106994628906,214.74276733398438,176.486083984375,-1.6849186420440674,8.055838584899902,1,0,7
200,1778667142.419402,OBS_IMAGE_1/frame_000200.jpg,90.1800537109375,55.25837326049805,31.449798583984375,0.03021240234375,-87.84599304199219,172.25601196289062,85.23109436035156,-419.5650634765625,218.50216674804688,176.47640991210938,-1.6913937330245972,8.03740119934082,1,0,7
201,1778667142.4769204,OBS_IMAGE_1/frame_000201.jpg,88.74552917480469,54.17416763305664,32.441871643066406,0.218353271484375,-87.7093505859375,170.8422088623047,74.91423797607422,-419.38360595703125,221.50933837890625,176.5086212158203,-1.7541117668151855,8.020086288452148,1,0,7
202,1778667142.5344882,OBS_IMAGE_1/frame_000202.jpg,87.36868286132812,53.13266372680664,33.3911018371582,0.3014373779296875,-87.64961242675781,169.35562133789062,64.98162841796875,-419.02655029296875,224.5534210205078,176.44418334960938,-1.7198845148086548,8.131591796875,1,0,7
203,1778667142.592651,OBS_IMAGE_1/frame_000203.jpg,86.11640167236328,52.185569763183594,34.25508499145508,0.446319580078125,-87.70523071289062,168.1505584716797,55.8751335144043,-418.3687744140625,227.1533203125,176.4808349609375,-1.6032482385635376,8.077462196350098,1,0,7
204,1778667142.6503248,OBS_IMAGE_1/frame_000204.jpg,84.93315887451172,51.291343688964844,35.071739196777344,0.597381591796875,-87.62351989746094,166.9489288330078,47.49235153198242,-417.5272216796875,229.5554962158203,176.50103759765625,-1.6253275871276855,8.096939086914062,1,0,7
205,1778667142.7073662,OBS_IMAGE_1/frame_000205.jpg,83.9735107421875,50.565799713134766,35.733642578125,0.6591796875,-87.45735168457031,166.02813720703125,40.852481842041016,-416.77532958984375,231.60293579101562,176.43321228027344,-1.729419469833374,8.06673526763916,1,0,7
206,1778667142.7651994,OBS_IMAGE_1/frame_000206.jpg,83.10423278808594,49.90751647949219,36.33445739746094,0.737457275390625,-87.46009826660156,165.1190185546875,34.69228744506836,-415.9344787597656,233.39413452148438,176.42709350585938,-1.6753839254379272,8.104446411132812,1,0,7
207,1778667142.8216865,OBS_IMAGE_1/frame_000207.jpg,82.43631744384766,49.4039192199707,36.79315185546875,0.85693359375,-87.38250732421875,164.4378662109375,30.088212966918945,-415.1658630371094,234.6536102294922,176.4583282470703,-1.7275763750076294,8.119181632995605,1,0,7
208,1778667142.8813715,OBS_IMAGE_1/frame_000208.jpg,81.87957763671875,48.981510162353516,37.178218841552734,0.8946990966796875,-87.36671447753906,163.8617706298828,26.201383590698242,-414.5324401855469,235.8124542236328,176.43716430664062,-1.7071613073349,8.138625144958496,1,0,7
209,1778667142.9376044,OBS_IMAGE_1/frame_000209.jpg,81.50611114501953,48.6998176574707,37.4362678527832,0.9427642822265625,-87.34130859375,163.48411560058594,23.624311447143555,-414.0625915527344,236.5348358154297,176.442138671875,-1.7149577140808105,8.143067359924316,1,0,7
210,1778667142.995359,OBS_IMAGE_1/frame_000210.jpg,81.2733383178711,48.5242805480957,37.59734344482422,0.9716033935546875,-87.32070922851562,163.28018188476562,22.027551651000977,-413.7618713378906,236.98451232910156,176.44387817382812,-1.7261477708816528,8.114738464355469,1,0,7
211,1778667143.05181,OBS_IMAGE_1/frame_000211.jpg,81.17525482177734,48.45081329345703,37.66410446166992,0.984649658203125,-87.29942321777344,163.1854248046875,21.370594024658203,-413.6358947753906,237.17430114746094,176.44090270996094,-1.7424523830413818,8.112349510192871,1,0,7
