session_name,timestamp,elapsed_time,j1,j2,j3,j4,j5,j6,x,y,z,rx,ry,rz,robot_mode,tooldo1,tooldo2,do1,do2
Session_6,2026-01-26 17:02:23.282,0.011,-89.5930,-2.6539,-0.4888,-8.2981,90.0124,112.6717,-80.5322,-106.2511,598.9640,117.6990,64.7396,25.8175,6,0,0,0,0
Session_6,2026-01-26 17:02:23.351,0.081,-88.2178,-3.8300,-0.5408,-9.2107,89.8840,112.6730,-77.7909,-118.5688,595.1678,122.1064,63.7796,31.0375,6,0,0,0,0
Session_6,2026-01-26 17:02:23.427,0.157,-86.4347,-5.0839,-0.6651,-10.7721,90.0055,112.6730,-73.1682,-132.9347,589.7183,127.5758,62.2041,37.8122,6,0,0,0,0
Session_6,2026-01-26 17:02:23.502,0.231,-84.2841,-6.3597,-0.7116,-10.9431,90.0295,112.6765,-67.1199,-145.3679,586.3755,130.1368,61.3307,42.2412,6,0,0,0,0
Session_6,2026-01-26 17:02:23.577,0.306,-82.4630,-7.4367,-0.7117,-10.2420,90.0872,112.6710,-61.4794,-154.3531,584.9101,130.7459,61.0951,44.6527,6,0,0,0,0
Session_6,2026-01-26 17:02:23.652,0.381,-81.2121,-8.4175,-0.7118,-12.0081,90.0845,112.6730,-56.6712,-164.8914,579.2799,135.0459,59.3652,49.6336,6,0,0,0,0
Session_6,2026-01-26 17:02:23.728,0.458,-80.5326,-9.7096,-0.7140,-13.9739,90.3632,112.6703,-52.4803,-176.8767,572.1257,139.4484,57.0695,54.3150,6,0,0,0,0
Session_6,2026-01-26 17:02:23.802,0.532,-80.1231,-11.2004,-0.7148,-13.8606,90.2225,112.6730,-49.5965,-187.5372,567.8817,141.2762,56.1255,56.1218,6,0,0,0,0
Session_6,2026-01-26 17:02:23.877,0.607,-80.0416,-12.6039,-0.7151,-13.6890,90.2966,112.6710,-47.5749,-197.0829,563.7667,142.7290,55.2048,57.4704,6,0,0,0,0
Session_6,2026-01-26 17:02:23.960,0.690,-80.0417,-14.0865,-0.7210,-14.7375,90.0611,112.6723,-45.9072,-208.2345,556.7989,145.7437,53.3732,59.7105,6,0,0,0,0
Session_6,2026-01-26 17:02:24.034,0.764,-80.0417,-15.0827,-0.7445,-15.8574,90.1298,112.6723,-44.4675,-215.9524,551.0651,147.9296,51.6962,61.5049,6,0,0,0,0
Session_6,2026-01-26 17:02:24.102,0.831,-80.0417,-15.9166,-0.7463,-16.6017,90.1421,112.6682,-43.3785,-222.0678,546.5651,149.4684,50.4466,62.7147,6,0,0,0,0
Session_6,2026-01-26 17:02:24.170,0.899,-80.0416,-17.0105,-0.7644,-16.8091,90.1339,112.6689,-42.0976,-229.4204,541.9973,150.7002,49.3921,63.6501,6,0,0,0,0
Session_6,2026-01-26 17:02:24.238,0.967,-80.0417,-18.3190,-0.7724,-16.8777,90.1360,112.6710,-40.6040,-237.9134,536.7433,151.9289,48.2676,64.5755,6,0,0,0,0
Session_6,2026-01-26 17:02:24.326,1.056,-80.0416,-20.6667,-0.8042,-17.7189,90.1566,112.6717,-37.8731,-253.3220,525.2988,154.5781,45.6024,66.5276,6,0,0,0,0
Session_6,2026-01-26 17:02:24.401,1.130,-80.0416,-22.6872,-0.8285,-18.0334,90.1449,112.6689,-35.6760,-265.9154,515.7789,156.3848,43.6243,67.7896,6,0,0,0,0
Session_6,2026-01-26 17:02:24.475,1.204,-80.0415,-24.8298,-0.8474,-18.1810,90.1703,112.6710,-33.3890,-278.7616,505.6007,158.0082,41.6478,68.9068,6,0,0,0,0
Session_6,2026-01-26 17:02:24.541,1.270,-80.0414,-26.5062,-0.8510,-18.3588,90.0941,112.6689,-31.7642,-288.5469,497.2043,159.3232,40.0775,69.7147,6,0,0,0,0
Session_6,2026-01-26 17:02:24.606,1.336,-80.0413,-28.1502,-0.8533,-18.6266,90.1875,112.6682,-30.0101,-297.8799,488.4968,160.4774,38.3837,70.5094,6,0,0,0,0
Session_6,2026-01-26 17:02:24.674,1.403,-80.0303,-29.7112,-0.8608,-18.8931,90.1373,112.6675,-28.4926,-306.5445,479.9322,161.6458,36.7989,71.2006,6,0,0,0,0
Session_6,2026-01-26 17:02:24.755,1.484,-80.0287,-31.4577,-0.8789,-19.1883,90.1057,112.6696,-26.8690,-315.9525,470.0391,162.8809,34.9982,71.9048,6,0,0,0,0
Session_6,2026-01-26 17:02:24.831,1.560,-80.0060,-33.2181,-0.9163,-19.2110,90.1284,112.6669,-25.1008,-325.1287,460.2913,163.8891,33.3798,72.5101,6,0,0,0,0
Session_6,2026-01-26 17:02:24.904,1.633,-79.9542,-34.8384,-1.0457,-19.1636,90.1579,112.6682,-23.2867,-333.5263,450.8560,164.7878,31.8548,73.0625,6,0,0,0,0
Session_6,2026-01-26 17:02:24.979,1.709,-79.8786,-36.4796,-1.4334,-19.2041,90.1298,112.6662,-21.3191,-342.3064,439.8707,165.8975,30.0171,73.6947,6,0,0,0,0
Session_6,2026-01-26 17:02:25.053,1.783,-79.7892,-37.9095,-2.3888,-18.6987,90.1490,112.6710,-19.2120,-350.9405,428.8000,166.8285,28.3219,74.2441,6,0,0,0,0
Session_6,2026-01-26 17:02:25.126,1.856,-79.6505,-39.2043,-4.0227,-18.2826,90.0893,112.6710,-16.8184,-359.8439,415.3338,168.1057,26.0800,74.9370,6,0,0,0,0
Session_6,2026-01-26 17:02:25.202,1.932,-79.5557,-40.1197,-5.9099,-17.6269,90.1483,112.6689,-14.8250,-367.0618,403.3507,169.0634,24.1154,75.4671,6,0,0,0,0
Session_6,2026-01-26 17:02:25.285,2.015,-79.5233,-41.2147,-8.9119,-15.3191,90.1648,112.6703,-12.8196,-376.6808,388.7062,169.8656,22.4850,75.8228,6,0,0,0,0
Session_6,2026-01-26 17:02:25.368,2.098,-79.5138,-41.7644,-11.6893,-13.4047,90.0975,112.6696,-11.6463,-383.1326,377.2348,170.5583,21.2255,76.0636,6,0,0,0,0
Session_6,2026-01-26 17:02:25.443,2.172,-79.4199,-41.8243,-14.8777,-11.9614,90.0783,112.6662,-10.2125,-387.5958,365.8927,171.3689,19.5880,76.4360,6,0,0,0,0
Session_6,2026-01-26 17:02:25.516,2.246,-79.2735,-41.8240,-18.4623,-8.6236,90.1449,112.6689,-8.1919,-392.6237,356.8482,171.4147,19.3373,76.6192,6,0,0,0,0
Session_6,2026-01-26 17:02:25.599,2.329,-79.2337,-41.8216,-23.2320,-2.0441,90.2341,112.6669,-6.5153,-399.4329,348.8150,170.5426,20.9560,76.3940,6,0,0,0,0
Session_6,2026-01-26 17:02:25.683,2.413,-79.2337,-41.7877,-28.1129,2.9581,90.1147,112.6655,-5.6926,-404.5356,336.7155,170.5818,21.1430,76.3626,6,0,0,0,0
Session_6,2026-01-26 17:02:25.757,2.487,-79.2335,-41.7646,-32.2267,4.4474,90.1030,112.6607,-5.2844,-406.7504,320.4797,171.7288,18.7756,76.7546,6,0,0,0,0
Session_6,2026-01-26 17:02:25.821,2.551,-79.2327,-41.6770,-35.6986,6.8060,90.1559,112.6682,-4.9226,-408.2791,309.3919,172.1170,17.8169,76.8882,6,0,0,0,0
Session_6,2026-01-26 17:02:25.897,2.626,-79.2153,-41.4005,-39.6693,12.6727,90.2094,112.6634,-4.2909,-410.5983,304.3746,171.1359,19.7815,76.6127,6,0,0,0,0
Session_6,2026-01-26 17:02:25.979,2.709,-79.1204,-40.4025,-44.0806,13.5015,90.1291,112.6600,-4.2062,-408.0225,291.7144,172.3186,17.4513,77.0606,6,0,0,0,0
Session_6,2026-01-26 17:02:26.053,2.783,-79.1043,-39.9271,-47.2975,15.7791,90.1023,112.6696,-4.2963,-407.1318,284.1361,172.5359,17.0359,77.1234,6,0,0,0,0
Session_6,2026-01-26 17:02:26.120,2.850,-79.1036,-39.2217,-49.0314,20.6124,90.1360,112.6524,-4.1949,-407.4182,290.6443,170.8754,20.5010,76.6174,6,0,0,0,0
Session_6,2026-01-26 17:02:26.204,2.933,-79.0730,-37.9193,-49.4603,23.1310,90.1435,112.6559,-4.3727,-405.3253,302.8963,169.3460,23.5827,76.0737,6,0,0,0,0
Session_6,2026-01-26 17:02:26.278,3.008,-78.6662,-36.9105,-49.4543,23.2107,89.4521,112.6579,-2.8013,-403.0952,310.0683,169.4543,24.8362,76.2167,6,0,0,0,0
Session_6,2026-01-26 17:02:26.344,3.073,-77.7581,-36.2886,-49.4547,23.0383,88.9027,112.6579,2.5874,-401.6218,313.9843,169.7322,25.4508,76.9929,6,0,0,0,0
Session_6,2026-01-26 17:02:26.418,3.148,-76.5229,-35.9422,-49.4552,22.4279,89.4212,112.6566,11.6075,-400.2896,315.0507,169.3960,25.0152,78.3227,6,0,0,0,0
Session_6,2026-01-26 17:02:26.499,3.228,-74.9329,-35.7201,-49.4552,22.6380,89.7617,112.6559,22.9725,-399.1978,317.0131,168.8904,25.2778,79.8544,6,0,0,0,0
Session_6,2026-01-26 17:02:26.581,3.311,-73.4171,-35.7670,-49.4597,22.4334,89.6429,112.6607,33.4055,-398.5573,316.2365,169.1142,25.0900,81.4066,6,0,0,0,0
Session_6,2026-01-26 17:02:26.655,3.384,-71.9471,-35.9875,-49.4642,22.4011,89.5695,112.6614,43.7102,-398.1375,314.6389,169.2998,24.8849,82.9209,6,0,0,0,0
Session_6,2026-01-26 17:02:26.719,3.448,-70.5667,-36.4802,-49.4639,22.0544,89.8682,112.6607,54.0181,-397.9468,310.5274,169.4243,24.0116,84.4869,6,0,0,0,0
Session_6,2026-01-26 17:02:26.785,3.515,-69.6758,-37.4568,-49.4627,22.0832,90.8315,112.6593,62.1383,-398.9290,303.8767,168.9989,22.7881,85.6270,6,0,0,0,0
Session_6,2026-01-26 17:02:26.860,3.590,-69.2939,-39.0791,-49.4537,21.3574,91.8594,112.6538,67.1825,-401.2958,291.1678,169.1233,20.2712,86.4776,6,0,0,0,0
Session_6,2026-01-26 17:02:26.943,3.672,-69.3485,-41.3121,-49.4527,20.0452,91.3541,112.6572,67.6039,-405.2295,272.7928,171.0995,17.2246,86.8736,6,0,0,0,0
Session_6,2026-01-26 17:02:27.017,3.746,-69.3516,-42.9991,-49.4490,20.7278,90.4216,112.6593,67.7292,-408.8302,262.2820,172.3649,16.6637,86.9372,6,0,0,0,0
Session_6,2026-01-26 17:02:27.099,3.828,-69.3515,-44.6088,-49.4490,20.4689,90.5891,112.6566,68.7641,-410.9998,250.3006,172.9907,14.8877,87.1599,6,0,0,0,0
Session_6,2026-01-26 17:02:27.180,3.910,-69.3516,-46.0749,-49.4495,20.5623,90.5981,112.6586,69.5180,-412.9703,239.9981,173.5452,13.6239,87.2969,6,0,0,0,0
Session_6,2026-01-26 17:02:27.259,3.988,-69.3515,-47.2990,-49.4498,21.6218,90.6036,112.6586,70.3308,-415.1071,233.3285,173.6074,13.4704,87.3129,6,0,0,0,0
Session_6,2026-01-26 17:02:27.323,4.053,-69.3522,-48.4334,-49.4506,21.4714,90.6351,112.6552,70.7676,-416.1727,224.8302,174.1004,12.2778,87.4331,6,0,0,0,0
Session_6,2026-01-26 17:02:27.385,4.115,-69.3523,-49.3060,-49.4518,21.7399,90.5905,112.6566,71.0939,-417.1941,219.0397,174.3846,11.7383,87.4806,6,0,0,0,0
Session_6,2026-01-26 17:02:27.456,4.185,-69.3522,-50.2393,-49.4521,22.5549,90.6125,112.6572,71.6406,-418.5664,213.8802,174.4120,11.6208,87.4905,6,0,0,0,0
Session_6,2026-01-26 17:02:27.528,4.257,-69.3519,-50.9450,-49.4666,22.2933,90.6503,112.6572,71.8033,-418.8628,208.1560,174.7704,10.7033,87.5683,6,0,0,0,0
Session_6,2026-01-26 17:02:27.588,4.318,-69.3522,-51.6296,-49.4665,22.7829,90.6097,112.6572,72.0709,-419.7175,204.1308,174.8852,10.5396,87.5809,6,0,0,0,0
Session_6,2026-01-26 17:02:27.652,4.382,-69.3527,-52.4889,-49.4691,22.2707,90.6420,112.6559,72.1351,-419.7864,196.8419,175.4013,9.2626,87.6767,6,0,0,0,0
Session_6,2026-01-26 17:02:27.719,4.448,-69.3531,-53.2351,-49.4697,21.9946,90.6365,112.6552,72.1698,-419.9066,190.8541,175.8099,8.3228,87.7384,6,0,0,0,0
Session_6,2026-01-26 17:02:27.794,4.523,-69.3545,-54.3026,-49.4696,22.1162,90.6358,112.6538,72.3424,-420.3956,183.2891,176.1820,7.4517,87.7894,6,0,0,0,0
Session_6,2026-01-26 17:02:27.859,4.588,-69.3566,-54.8877,-49.4695,21.7879,90.6667,112.6572,72.3071,-420.2400,178.3853,176.5102,6.5980,87.8282,6,0,0,0,0
Session_6,2026-01-26 17:02:27.934,4.663,-69.3822,-55.4510,-49.4693,21.6389,90.6578,112.6545,72.0956,-420.2398,173.9860,176.7963,5.9451,87.8355,6,0,0,0,0
Session_6,2026-01-26 17:02:28.007,4.736,-69.4980,-55.6282,-49.4694,21.4645,90.6805,112.6552,71.2190,-420.2340,172.3618,176.9122,5.6121,87.7333,6,0,0,0,0
Session_6,2026-01-26 17:02:28.074,4.803,-69.6895,-55.6276,-49.4692,21.9212,90.7340,112.6538,70.0341,-420.8765,173.2311,176.6851,6.0133,87.5263,6,0,0,0,0
Session_6,2026-01-26 17:02:28.138,4.868,-69.9242,-55.6293,-49.4698,21.5414,90.5672,112.6559,67.9889,-420.8717,172.4957,176.9872,5.7252,87.3012,6,0,0,0,0
Session_6,2026-01-26 17:02:28.205,4.934,-70.1072,-55.6293,-49.4698,20.4085,90.6400,112.6545,66.3318,-419.9634,170.3691,177.3602,4.6524,87.1608,6,0,0,0,0
Session_6,2026-01-26 17:02:28.271,5.000,-70.3136,-55.6325,-49.4704,20.0693,90.7045,112.6593,64.7719,-419.8370,169.7112,177.4333,4.3109,86.9611,6,0,0,0,0
Session_6,2026-01-26 17:02:28.337,5.067,-70.6476,-55.6387,-49.4704,20.4311,90.8006,112.6600,62.5594,-420.5276,170.3422,177.2069,4.6019,86.6174,6,0,0,0,0
Session_6,2026-01-26 17:02:28.402,5.131,-71.2109,-55.8130,-49.4714,20.8987,90.8137,112.6572,58.5976,-421.5900,169.9424,177.0817,4.8667,86.0477,6,0,0,0,0
Session_6,2026-01-26 17:02:28.476,5.206,-71.9949,-56.1014,-49.4720,21.4213,90.5816,112.6579,52.7290,-422.9708,168.8098,177.2048,5.1713,85.2507,6,0,0,0,0
Session_6,2026-01-26 17:02:28.542,5.272,-72.7310,-56.4835,-49.4708,22.6840,90.6983,112.6552,47.8126,-424.8158,168.4015,176.7547,5.9396,84.4865,6,0,0,0,0
Session_6,2026-01-26 17:02:28.609,5.338,-73.3855,-57.3587,-49.4722,22.6579,90.5150,112.6559,42.7352,-425.3698,161.9303,177.2744,5.1778,83.8616,6,0,0,0,0
Session_6,2026-01-26 17:02:28.682,5.412,-73.8061,-58.5142,-49.4709,24.2468,88.8629,112.6593,38.1059,-427.6729,156.4532,178.6273,6.2144,83.3979,6,0,0,0,0
Session_6,2026-01-26 17:02:28.764,5.493,-73.9475,-59.5415,-49.4710,25.9325,86.9437,112.6586,35.2246,-429.8344,152.1561,-179.8597,7.5606,83.2183,6,0,0,0,0
Session_6,2026-01-26 17:02:28.846,5.576,-73.9243,-59.7918,-49.4713,25.0179,86.7453,112.6559,34.8938,-428.9356,148.5987,-179.2211,6.5629,83.3008,6,0,0,0,0
Session_6,2026-01-26 17:02:28.912,5.641,-73.9237,-59.7927,-49.4721,23.4277,85.2848,112.6566,32.7330,-427.8035,145.7520,-177.2528,5.6569,83.3840,6,0,0,0,0
Session_6,2026-01-26 17:02:28.985,5.715,-73.9140,-59.8171,-49.4723,21.2173,85.6013,112.6552,32.4886,-425.3188,141.5092,-176.6815,3.4726,83.4574,6,0,0,0,0
Session_6,2026-01-26 17:02:29.068,5.798,-73.7950,-60.1975,-49.4851,20.5692,88.1632,112.6566,36.0867,-423.4719,137.3528,-178.6464,1.5257,83.5523,6,0,0,0,0
Session_6,2026-01-26 17:02:29.135,5.865,-73.3525,-60.9873,-49.4844,20.5891,88.0692,112.6559,39.1328,-422.8321,131.6529,-178.2632,0.8519,84.0026,6,0,0,0,0
Session_6,2026-01-26 17:02:29.207,5.937,-72.6458,-62.0196,-49.4851,20.3096,89.0023,112.6586,45.1200,-421.0043,123.6395,-178.6189,-0.7186,84.6973,6,0,0,0,0
Session_6,2026-01-26 17:02:29.280,6.010,-72.0244,-63.1608,-49.4841,22.2212,90.1875,112.6524,51.5107,-421.4649,118.6840,179.9902,-0.4631,85.3225,6,0,0,0,0
Session_6,2026-01-26 17:02:29.354,6.084,-71.8111,-63.5710,-49.4819,25.7080,89.8668,112.6524,53.8932,-424.9941,121.9224,179.0997,2.5015,85.5137,6,0,0,0,0
Session_6,2026-01-26 17:02:29.430,6.160,-71.8147,-63.5586,-49.4525,28.2864,89.4500,112.6517,54.2852,-427.8894,126.8959,178.4705,5.0790,85.4404,6,0,0,0,0
Session_6,2026-01-26 17:02:29.503,6.232,-71.8151,-63.5534,-49.4427,27.6787,89.1918,112.6552,53.7917,-427.4015,125.8506,178.9381,4.6317,85.4537,6,0,0,0,0
Session_6,2026-01-26 17:02:29.585,6.315,-71.8151,-63.5534,-49.4435,24.9767,88.0788,112.6552,51.5737,-424.9749,120.9343,-178.9898,2.5670,85.5191,6,0,0,0,0
Session_6,2026-01-26 17:02:29.660,6.390,-71.8151,-63.5534,-49.4437,23.4270,88.0163,112.6524,50.9339,-423.2681,118.1655,-178.3347,1.1606,85.5419,6,0,0,0,0
Session_6,2026-01-26 17:02:29.735,6.464,-71.8150,-63.5532,-49.4439,23.4517,87.7032,112.6627,50.5829,-423.4143,118.2240,-178.0554,1.3043,85.5353,6,0,0,0,0
Session_6,2026-01-26 17:02:29.808,6.537,-71.8143,-63.5534,-49.4443,23.1454,87.7485,112.6435,50.5252,-423.0456,117.6768,-177.9787,1.0030,85.5570,6,0,0,0,0
Session_6,2026-01-26 17:02:29.884,6.614,-71.8134,-63.5536,-49.4447,22.6277,87.8556,112.6517,50.4582,-422.4054,116.7578,-177.8783,0.4837,85.5507,6,0,0,0,0
Session_6,2026-01-26 17:02:29.963,6.693,-71.8126,-63.5535,-49.4445,22.3318,87.3626,112.2995,49.7835,-422.2466,116.2655,-177.3070,0.3840,85.9123,6,0,0,0,0
Session_6,2026-01-26 17:02:30.047,6.777,-71.8126,-63.5534,-49.4445,22.1883,87.0625,111.6781,49.3826,-422.1923,116.0336,-176.9713,0.3322,86.5388,6,0,0,0,0
Session_6,2026-01-26 17:02:30.135,6.865,-71.8121,-63.5532,-49.4442,22.3991,87.1566,110.0768,49.5760,-422.4038,116.3986,-177.1239,0.4137,88.1363,6,0,0,0,0
Session_6,2026-01-26 17:02:30.212,6.941,-71.8111,-63.5532,-49.4441,22.5213,87.3777,108.1487,49.8850,-422.4621,116.6007,-177.3599,0.3642,90.0595,6,0,0,0,0
Session_6,2026-01-26 17:02:30.297,7.026,-71.8101,-63.5534,-49.4446,21.7976,87.2363,105.7372,49.4494,-421.6628,115.3423,-177.0145,-0.4062,92.4711,6,0,0,0,0
Session_6,2026-01-26 17:02:30.370,7.100,-71.8101,-63.5532,-49.4445,21.3835,87.4429,105.8217,49.5250,-421.0911,114.6146,-177.1000,-0.8563,92.3826,6,0,0,0,0
Session_6,2026-01-26 17:02:30.452,7.181,-71.8101,-63.5533,-49.4446,21.1102,87.5700,106.0339,49.5633,-420.7142,114.1356,-177.1434,-1.1434,92.1676,6,0,0,0,0
Session_6,2026-01-26 17:02:30.518,7.247,-71.8102,-63.5533,-49.4445,20.8081,87.4409,106.0002,49.2941,-420.3980,113.6236,-176.9368,-1.3998,92.2011,6,0,0,0,0
Session_6,2026-01-26 17:02:30.585,7.314,-71.8102,-63.5534,-49.4446,19.9031,87.4931,105.8313,48.9889,-419.2672,112.0767,-176.7442,-2.2940,92.3610,6,0,0,0,0
Session_6,2026-01-26 17:02:30.657,7.387,-71.8104,-63.5534,-49.4445,19.4307,87.2397,105.8244,48.5025,-418.7752,111.2933,-176.3720,-2.6798,92.3662,6,0,0,0,0
Session_6,2026-01-26 17:02:30.729,7.458,-71.8103,-63.5533,-49.4440,19.7376,88.0341,105.8725,49.5436,-418.8571,111.7747,-177.2176,-2.5978,92.3100,6,0,0,0,0
Session_6,2026-01-26 17:02:30.802,7.531,-71.8104,-63.5536,-49.4443,19.6793,88.0898,105.8993,49.5831,-418.7623,111.6700,-177.2536,-2.6685,92.2817,6,0,0,0,0
Session_6,2026-01-26 17:02:30.871,7.601,-71.8104,-63.5536,-49.4443,19.5309,88.0712,105.9164,49.5010,-418.5841,111.4207,-177.1943,-2.8052,92.2629,6,0,0,0,0
Session_6,2026-01-26 17:02:30.946,7.675,-71.8105,-63.5537,-49.4445,19.4794,88.1138,105.9199,49.5279,-418.5030,111.3302,-177.2207,-2.8665,92.2581,6,0,0,0,0
Session_6,2026-01-26 17:02:31.020,7.749,-71.8106,-63.5536,-49.4439,19.7122,88.7153,105.9068,50.3156,-418.5665,111.7063,-177.8636,-2.8074,92.2671,6,0,0,0,0
Session_6,2026-01-26 17:02:31.094,7.823,-71.8109,-63.5536,-49.4438,19.7589,89.0552,105.8663,50.7241,-418.4960,111.7777,-178.2052,-2.8567,92.3048,6,0,0,0,0
Session_6,2026-01-26 17:02:31.166,7.896,-71.8109,-63.5536,-49.4435,19.5975,88.7517,105.8821,50.3087,-418.4107,111.5133,-177.8685,-2.9282,92.2896,6,0,0,0,0
Session_6,2026-01-26 17:02:31.242,7.972,-71.8109,-63.5536,-49.4436,19.3922,89.0545,105.9000,50.5726,-418.0383,111.1593,-178.1022,-3.2080,92.2657,6,0,0,0,0
Session_6,2026-01-26 17:02:31.322,8.052,-71.8109,-63.5536,-49.4435,19.3579,89.2797,106.0510,50.8180,-417.9100,111.0982,-178.3006,-3.2981,92.1120,6,0,0,0,0
Session_6,2026-01-26 17:02:31.403,8.132,-71.8110,-63.5540,-49.4437,19.3387,89.4040,106.0771,50.9524,-417.8379,111.0604,-178.4129,-3.3507,92.0845,6,0,0,0,0
Session_6,2026-01-26 17:02:31.474,8.204,-71.8110,-63.5541,-49.4438,19.3421,89.3463,106.2776,50.8872,-417.8639,111.0662,-178.3468,-3.3258,91.8843,6,0,0,0,0
Session_6,2026-01-26 17:02:31.548,8.278,-71.8112,-63.5548,-49.4447,19.1780,89.5681,106.2962,51.0724,-417.5705,110.7790,-178.5118,-3.5466,91.8610,6,0,0,0,0
Session_6,2026-01-26 17:02:31.630,8.360,-71.8110,-63.5551,-49.4452,19.0043,89.5880,106.5832,51.0241,-417.3417,110.4829,-178.4631,-3.7121,91.5704,6,0,0,0,0
Session_6,2026-01-26 17:02:31.704,8.433,-71.8111,-63.5554,-49.4456,19.1842,89.4342,106.5866,50.9206,-417.6263,110.7826,-178.3669,-3.4963,91.5713,6,0,0,0,0
Session_6,2026-01-26 17:02:31.769,8.499,-71.8110,-63.5556,-49.4458,19.2892,89.1733,106.7445,50.6642,-417.8571,110.9608,-178.1378,-3.3164,91.4174,6,0,0,0,0
Session_6,2026-01-26 17:02:31.844,8.573,-71.8110,-63.5560,-49.4470,18.9576,89.2440,106.8242,50.6067,-417.4082,110.3953,-178.1041,-3.6533,91.3310,6,0,0,0,0
Session_6,2026-01-26 17:02:31.918,8.647,-71.8110,-63.5562,-49.4479,18.6816,89.1499,107.2753,50.3824,-417.0909,109.9310,-177.9030,-3.8748,90.8748,6,0,0,0,0
Session_6,2026-01-26 17:02:31.991,8.720,-71.8110,-63.5699,-49.4487,18.6369,88.8293,108.3005,49.9893,-417.1413,109.7614,-177.5111,-3.7923,89.8509,6,0,0,0,0
Session_6,2026-01-26 17:02:32.065,8.795,-71.8110,-63.5847,-49.4576,18.5442,88.2820,108.8560,49.3093,-417.1970,109.4797,-176.9193,-3.7014,89.3009,6,0,0,0,0
Session_6,2026-01-26 17:02:32.147,8.877,-71.8109,-63.7207,-49.4660,18.5793,88.2786,109.4980,49.2730,-417.0968,108.5255,-176.8382,-3.7686,88.6563,6,0,0,0,0
Session_6,2026-01-26 17:02:32.220,8.950,-71.8110,-63.9601,-49.4658,18.9157,88.6143,109.4410,49.7256,-417.1731,107.3531,-177.1906,-3.7918,88.7095,6,0,0,0,0
Session_6,2026-01-26 17:02:32.303,9.032,-71.8112,-64.3567,-49.4655,19.6690,88.3795,109.4204,49.6431,-417.8383,105.7643,-177.0899,-3.3782,88.7413,6,0,0,0,0
Session_6,2026-01-26 17:02:32.378,9.107,-71.8112,-64.7796,-49.4654,21.0031,88.5011,109.3785,50.1964,-419.0505,104.9541,-177.5100,-2.5610,88.7970,6,0,0,0,0
Session_6,2026-01-26 17:02:32.507,9.237,-71.8110,-64.9016,-49.4643,22.4622,89.5338,108.9452,51.9365,-420.3300,106.5445,-178.9408,-1.6491,89.2362,6,0,0,0,0
Session_6,2026-01-26 17:02:32.616,9.345,-71.8109,-64.9028,-49.4661,21.3739,88.6645,109.3710,50.4967,-419.3236,104.6845,-177.7465,-2.3825,88.8061,6,0,0,0,0
Session_6,2026-01-26 17:02:32.696,9.425,-71.8108,-64.9051,-49.4664,21.7042,88.7098,109.4932,50.6828,-419.7107,105.2273,-177.8936,-2.0839,88.6877,6,0,0,0,0
Session_6,2026-01-26 17:02:32.772,9.501,-71.8109,-64.9085,-49.4673,21.7344,88.6061,109.6065,50.5732,-419.7816,105.2529,-177.8005,-2.0206,88.5760,6,0,0,0,0
Session_6,2026-01-26 17:02:32.846,9.575,-71.8109,-64.9312,-49.4708,21.4577,88.6775,109.6065,50.5331,-419.3828,104.6013,-177.7660,-2.3299,88.5712,6,0,0,0,0
Session_6,2026-01-26 17:02:32.928,9.657,-71.8110,-64.9818,-49.4721,21.6623,88.9549,109.9608,50.9170,-419.4763,104.5705,-178.0644,-2.2671,88.2154,6,0,0,0,0
Session_6,2026-01-26 17:02:33.011,9.740,-71.8112,-64.9874,-49.4727,21.7241,88.9254,110.1318,50.9047,-419.5566,104.6333,-178.0491,-2.1990,88.0453,6,0,0,0,0
Session_6,2026-01-26 17:02:33.084,9.813,-71.8111,-65.0961,-49.4821,21.9033,88.9501,110.4744,50.9627,-419.6361,104.1116,-178.0806,-2.1387,87.7032,6,0,0,0,0
Session_6,2026-01-26 17:02:33.158,9.887,-71.8115,-65.3571,-49.4900,22.4162,88.9048,110.4119,51.0204,-419.9972,103.0651,-178.1256,-1.8963,87.7688,6,0,0,0,0
Session_6,2026-01-26 17:02:33.232,9.961,-71.8118,-65.7473,-49.4895,23.0637,88.8011,110.3693,51.0250,-420.4195,101.3518,-178.1197,-1.6199,87.8151,6,0,0,0,0
Session_6,2026-01-26 17:02:33.296,10.026,-71.8121,-66.1262,-49.4880,23.5018,88.7668,110.0617,51.0250,-420.5607,99.3639,-178.1170,-1.5612,88.1233,6,0,0,0,0
Session_6,2026-01-26 17:02:33.379,10.108,-71.8119,-66.2033,-49.4864,23.7758,88.7304,109.9958,51.0672,-420.8255,99.2836,-178.1525,-1.3644,88.1915,6,0,0,0,0
Session_6,2026-01-26 17:02:33.462,10.192,-71.8120,-66.2032,-49.4860,23.7730,88.6624,109.9683,50.9875,-420.8491,99.2829,-178.0885,-1.3442,88.2196,6,0,0,0,0
Session_6,2026-01-26 17:02:33.534,10.264,-71.8122,-66.2032,-49.4860,23.7854,88.7613,110.0040,51.1048,-420.8267,99.3014,-178.1848,-1.3652,88.1827,6,0,0,0,0
Session_6,2026-01-26 17:02:33.610,10.340,-71.8121,-66.2032,-49.4860,24.0415,88.7167,109.9155,51.1549,-421.1519,99.7446,-178.2322,-1.1120,88.2737,6,1,0,0,0
Session_6,2026-01-26 17:02:33.675,10.404,-71.8123,-66.2030,-49.4860,23.9646,88.7558,109.8873,51.1688,-421.0449,99.6118,-178.2435,-1.1984,88.3008,6,1,0,0,0
Session_6,2026-01-26 17:02:33.750,10.479,-71.8124,-66.2031,-49.4861,23.8396,88.7386,109.8688,51.0984,-420.9008,99.3959,-178.1852,-1.3108,88.3184,6,1,0,0,0
Session_6,2026-01-26 17:02:33.832,10.562,-71.8122,-66.2032,-49.4862,23.7675,88.7462,109.9045,51.0800,-420.8103,99.2700,-178.1668,-1.3803,88.2823,6,1,0,0,0
Session_6,2026-01-26 17:02:33.915,10.644,-71.8123,-66.2034,-49.4867,23.3768,88.8100,109.8983,50.9963,-420.3107,98.5940,-178.0937,-1.7702,88.2839,6,1,0,0,0
Session_6,2026-01-26 17:02:33.996,10.726,-71.8122,-66.2034,-49.4866,23.3961,88.7867,109.8976,50.9782,-420.3431,98.6278,-178.0784,-1.7442,88.2852,6,1,0,0,0
Session_6,2026-01-26 17:02:34.071,10.800,-71.8121,-66.2034,-49.4865,23.4304,88.7867,109.9072,50.9924,-420.3853,98.6876,-178.0898,-1.7114,88.2760,6,1,0,0,0
Session_6,2026-01-26 17:02:34.137,10.866,-71.8123,-66.2035,-49.4867,23.3823,88.7798,109.8750,50.9641,-420.3289,98.6039,-178.0679,-1.7556,88.3077,6,1,0,0,0
Session_6,2026-01-26 17:02:34.212,10.941,-71.8122,-66.2039,-49.4871,23.3755,88.7881,109.8983,50.9709,-420.3160,98.5874,-178.0723,-1.7648,88.2843,6,1,0,0,0
Session_6,2026-01-26 17:02:34.293,11.022,-71.8123,-66.2046,-49.4875,23.3315,88.7977,109.8962,50.9632,-420.2569,98.5047,-178.0660,-1.8106,88.2857,6,1,0,0,0
Session_6,2026-01-26 17:02:34.368,11.097,-71.8121,-66.2063,-49.4879,23.3274,88.8169,109.9319,50.9839,-420.2416,98.4831,-178.0808,-1.8218,88.2499,6,1,0,0,0
Session_6,2026-01-26 17:02:34.434,11.163,-71.8122,-66.2063,-49.4879,23.2917,88.8155,109.9175,50.9676,-420.1987,98.4222,-178.0679,-1.8553,88.2638,6,1,0,0,0
Session_6,2026-01-26 17:02:34.516,11.246,-71.8122,-66.2066,-49.4879,23.2807,88.8320,109.9182,50.9820,-420.1786,98.4009,-178.0795,-1.8715,88.2628,6,1,0,0,0
Session_6,2026-01-26 17:02:34.591,11.320,-71.8121,-66.2066,-49.4878,23.2841,88.8258,109.9182,50.9770,-420.1854,98.4074,-178.0749,-1.8661,88.2630,6,1,0,0,0
Session_6,2026-01-26 17:02:34.656,11.386,-71.8120,-66.2064,-49.4876,23.4565,88.9117,109.9855,51.1456,-420.3636,98.7027,-178.2124,-1.7308,88.1967,6,1,0,0,0
Session_6,2026-01-26 17:02:34.722,11.451,-71.8122,-66.2059,-49.4865,23.4435,88.9254,109.9271,51.1558,-420.3457,98.6881,-178.2231,-1.7481,88.2546,6,1,0,0,0
Session_6,2026-01-26 17:02:34.796,11.526,-71.8124,-66.2055,-49.4863,23.4407,88.9110,109.8653,51.1374,-420.3491,98.6877,-178.2108,-1.7471,88.3164,6,1,0,0,0
Session_6,2026-01-26 17:02:34.879,11.609,-71.8123,-66.2045,-49.4847,23.5986,88.9165,109.9285,51.2089,-420.5436,98.9725,-178.2688,-1.5961,88.2548,6,1,0,0,0
Session_6,2026-01-26 17:02:34.953,11.683,-71.8123,-66.2033,-49.4831,23.8252,89.1245,110.0116,51.5401,-420.7438,99.3733,-178.5404,-1.4492,88.1718,6,1,0,0,0
Session_6,2026-01-26 17:02:35.030,11.759,-71.8124,-66.2035,-49.4834,23.6268,89.2989,110.3103,51.6612,-420.4368,99.0260,-178.6273,-1.6887,87.8697,6,1,0,0,0
Session_6,2026-01-26 17:02:35.112,11.841,-71.8122,-66.2038,-49.4838,23.5046,89.3147,110.3034,51.6316,-420.2811,98.8122,-178.5996,-1.8097,87.8753,6,1,0,0,0
Session_6,2026-01-26 17:02:35.186,11.916,-71.8122,-66.2036,-49.4834,23.4016,89.3360,110.3020,51.6160,-420.1490,98.6391,-178.5841,-1.9130,87.8754,6,1,0,0,0
Session_6,2026-01-26 17:02:35.253,11.982,-71.8124,-66.2037,-49.4835,23.4599,89.3484,110.3020,51.6518,-420.2152,98.7378,-178.6159,-1.8627,87.8757,6,1,0,0,0
Session_6,2026-01-26 17:02:35.326,12.056,-71.8126,-66.2031,-49.4825,23.4888,89.3738,110.3014,51.6919,-420.2437,98.7949,-178.6503,-1.8431,87.8763,6,1,0,0,0
Session_6,2026-01-26 17:02:35.399,12.129,-71.8158,-66.1947,-49.4804,23.7401,89.2866,110.3020,51.6731,-420.5985,99.2982,-178.6594,-1.5672,87.8759,6,1,0,0,0
Session_6,2026-01-26 17:02:35.473,12.203,-71.8146,-66.1863,-49.4638,24.6883,89.2097,110.3007,51.9810,-421.8070,101.0731,-178.9251,-0.6278,87.8855,6,1,0,0,0
Session_6,2026-01-26 17:02:35.548,12.278,-71.8146,-66.1568,-49.4624,25.9724,89.0971,110.2952,52.3518,-423.3745,103.5510,-179.2756,0.6444,87.8915,6,1,0,0,0
Session_6,2026-01-26 17:02:35.621,12.351,-71.8146,-66.0434,-49.4626,25.3791,89.0936,110.2993,52.1623,-422.8099,103.3309,-179.1059,0.1955,87.8887,6,1,0,0,0
Session_6,2026-01-26 17:02:35.686,12.415,-71.8146,-65.9753,-49.4626,25.1299,89.3566,110.2945,52.3932,-422.4913,103.3845,-179.2897,-0.0658,87.8922,6,1,0,0,0
Session_6,2026-01-26 17:02:35.761,12.490,-71.8147,-65.6607,-49.4625,24.6657,89.4109,110.3007,52.3819,-422.2496,104.8629,-179.2887,-0.2248,87.8856,6,1,0,0,0
Session_6,2026-01-26 17:02:35.834,12.564,-71.8146,-64.8199,-49.4626,23.4661,89.5049,110.2952,52.2969,-421.6223,108.8854,-179.2525,-0.5940,87.8899,6,1,0,0,0
Session_6,2026-01-26 17:02:35.916,12.646,-71.8146,-63.6093,-49.4630,22.8749,89.3635,110.2993,52.2526,-422.0374,116.6628,-179.3345,0.0357,87.8874,6,1,0,0,0
Session_6,2026-01-26 17:02:35.999,12.728,-71.8145,-62.4352,-49.4631,22.4197,89.3477,110.3007,52.3490,-422.3901,124.4126,-179.5691,0.7153,87.8845,6,1,0,0,0
Session_6,2026-01-26 17:02:36.073,12.803,-71.8151,-61.5211,-49.4633,21.7406,89.6958,110.2972,52.6821,-422.0655,129.8636,-179.9770,0.8147,87.8858,6,1,0,0,0
Session_6,2026-01-26 17:02:36.134,12.864,-71.8154,-60.7346,-49.4635,21.2400,89.8997,110.2979,52.8712,-421.8538,134.6989,179.7326,1.0119,87.8834,6,1,0,0,0
Session_6,2026-01-26 17:02:36.213,12.942,-71.8198,-59.4660,-49.4635,20.3261,90.0797,110.2972,52.8951,-421.3310,142.2990,179.4408,1.2822,87.8777,6,1,0,0,0
Session_6,2026-01-26 17:02:36.287,13.017,-71.8270,-58.0948,-49.4637,18.9109,89.8723,110.2993,52.2301,-420.2782,149.7236,179.6505,1.3126,87.8682,6,1,0,0,0
Session_6,2026-01-26 17:02:36.368,13.098,-71.8292,-56.6797,-49.4644,17.5754,89.3188,110.3007,51.1773,-419.2748,157.5823,-179.8579,1.5787,87.8636,6,1,0,0,0
Session_6,2026-01-26 17:02:36.451,13.180,-71.8551,-55.3214,-49.4645,16.9444,89.3374,110.2972,50.8059,-418.6706,166.2608,179.8723,2.2543,87.8327,6,1,0,0,0
Session_6,2026-01-26 17:02:36.525,13.255,-71.9134,-54.0822,-49.4646,16.5159,89.0085,110.2986,49.8151,-418.2783,174.4289,179.8989,3.1285,87.7595,6,1,0,0,0
Session_6,2026-01-26 17:02:36.584,13.313,-71.9781,-53.1305,-49.4647,16.0256,88.9659,110.2972,49.0623,-417.6385,180.3885,179.7784,3.5759,87.6868,6,1,0,0,0
Session_6,2026-01-26 17:02:36.656,13.385,-72.1114,-52.3751,-49.4661,15.7290,88.3555,110.2993,47.2132,-417.4446,185.2871,-179.8086,4.2165,87.5405,6,1,0,0,0
Session_6,2026-01-26 17:02:36.738,13.468,-72.5167,-52.0910,-49.4665,14.8947,88.7222,110.2931,44.3774,-416.6638,185.7816,-179.9603,3.5730,87.1542,6,1,0,0,0
Session_6,2026-01-26 17:02:36.804,13.533,-73.2933,-52.0582,-49.4651,15.1192,88.8403,110.2966,38.9318,-417.4141,186.4317,179.8386,3.7746,86.3684,6,1,0,0,0
Session_6,2026-01-26 17:02:36.879,13.609,-74.5469,-51.9904,-49.4653,15.3156,88.5656,110.3041,29.5199,-418.4365,187.2854,-179.9963,4.1174,85.1008,6,1,0,0,0
Session_6,2026-01-26 17:02:36.953,13.683,-75.7491,-51.9785,-49.4652,15.5285,88.5718,110.2986,20.7968,-419.1820,187.7638,179.9199,4.3261,83.8983,6,1,0,0,0
Session_6,2026-01-26 17:02:37.034,13.764,-77.0007,-51.9758,-49.4649,15.3589,88.6054,110.3007,11.6341,-419.3470,187.4713,179.9463,4.1583,82.6489,6,1,0,0,0
Session_6,2026-01-26 17:02:37.116,13.846,-77.8991,-51.9292,-49.4645,15.3506,88.7434,110.2959,5.2155,-419.4172,187.7879,179.8037,4.1467,81.7545,6,1,0,0,0
Session_6,2026-01-26 17:02:37.191,13.921,-78.4684,-51.8709,-49.4641,15.3129,88.7276,110.3020,1.0166,-419.3897,188.1394,179.8107,4.1719,81.1784,6,1,0,0,0
Session_6,2026-01-26 17:02:37.256,13.986,-78.7059,-51.7708,-49.4642,15.2930,88.9137,110.2972,-0.5126,-419.2852,188.8156,179.6087,4.1824,80.9441,6,1,0,0,0
Session_6,2026-01-26 17:02:37.338,14.067,-78.7319,-51.4770,-49.4646,15.0114,88.7222,110.2924,-1.0148,-418.9071,190.4061,179.7845,4.2600,80.9223,6,1,0,0,0
Session_6,2026-01-26 17:02:37.413,14.143,-78.7320,-51.2684,-49.4646,14.9689,88.2065,110.2979,-1.6565,-418.8904,191.8389,-179.7901,4.5945,80.9122,6,1,0,0,0
Session_6,2026-01-26 17:02:37.485,14.215,-78.7332,-51.2598,-49.4646,15.3685,87.9833,110.3000,-1.8481,-419.3588,192.6494,-179.7235,5.0547,80.8972,6,1,0,0,0
Session_6,2026-01-26 17:02:37.567,14.297,-78.7494,-51.2604,-49.4657,15.3225,87.4622,110.3014,-2.5962,-419.4299,192.5794,-179.2180,5.1907,80.8828,6,1,0,0,0
Session_6,2026-01-26 17:02:37.643,14.372,-78.8575,-51.2607,-49.4659,15.3067,86.4267,110.2993,-4.6228,-419.6447,192.6139,-178.2403,5.5346,80.7853,6,1,0,0,0
Session_6,2026-01-26 17:02:37.717,14.447,-79.2247,-51.2653,-49.4680,15.2085,85.4908,110.2979,-8.4454,-419.7079,192.4694,-177.3245,5.7606,80.4357,6,1,0,0,0
Session_6,2026-01-26 17:02:37.799,14.528,-80.2626,-51.2815,-49.4729,15.5333,84.1711,110.2979,-17.5610,-420.0843,193.0764,-176.1900,6.5024,79.4126,6,1,0,0,0
Session_6,2026-01-26 17:02:37.873,14.603,-81.5259,-51.4109,-49.4922,15.8155,83.6375,110.2966,-27.4078,-420.0096,192.6524,-175.7346,6.8122,78.1583,6,1,0,0,0
Session_6,2026-01-26 17:02:37.947,14.676,-82.9994,-52.1318,-49.4925,16.3593,83.2173,110.2945,-38.5935,-420.1076,188.5374,-175.2769,6.7910,76.7057,6,1,0,0,0
Session_6,2026-01-26 17:02:38.021,14.750,-84.3437,-53.1100,-49.4936,16.3586,83.6176,110.2966,-47.9251,-419.3767,181.4337,-175.3121,5.7335,75.3852,6,1,0,0,0
Session_6,2026-01-26 17:02:38.085,14.815,-85.4582,-54.0333,-49.4919,17.9276,83.6156,110.2972,-55.9229,-420.2834,177.6707,-175.5359,6.3415,74.2464,6,1,0,0,0
Session_6,2026-01-26 17:02:38.152,14.882,-86.0472,-54.3659,-49.4913,18.5099,83.8641,110.2931,-59.8939,-420.3550,176.3107,-175.8567,6.4900,73.6452,6,1,0,0,0
Session_6,2026-01-26 17:02:38.234,14.964,-86.1997,-54.4246,-49.4928,17.8528,82.9969,110.2966,-62.1023,-419.5610,174.7849,-174.7908,6.1173,73.5413,6,1,0,0,0
Session_6,2026-01-26 17:02:38.309,15.038,-86.1993,-54.8677,-49.4926,18.2174,82.9839,110.2938,-62.0847,-420.0202,172.2507,-174.7509,6.0480,73.5478,6,1,0,0,0
Session_6,2026-01-26 17:02:38.399,15.128,-86.2001,-56.4264,-49.4921,19.9086,83.1143,110.2931,-61.8069,-421.9149,164.0319,-174.9200,6.1277,73.5387,6,1,0,0,0
Session_6,2026-01-26 17:02:38.473,15.203,-86.2004,-57.9378,-49.4911,21.4124,82.9756,110.2938,-61.8775,-423.4056,155.8102,-174.7872,6.1695,73.5423,6,1,0,0,0
Session_6,2026-01-26 17:02:38.538,15.267,-86.2031,-58.8888,-49.4868,22.5591,83.2496,110.2959,-61.4989,-424.4268,150.9507,-175.1149,6.2625,73.5216,6,1,0,0,0
Session_6,2026-01-26 17:02:38.614,15.343,-86.2037,-59.4752,-49.4860,23.5368,82.8740,110.2972,-61.8958,-425.3358,148.5209,-174.8983,6.7604,73.5156,6,1,0,0,0
Session_6,2026-01-26 17:02:38.695,15.425,-86.2102,-59.5088,-49.4832,24.7199,81.5948,110.2911,-63.3988,-426.6338,150.6996,-174.0950,8.2822,73.5054,6,1,0,0,0
Session_6,2026-01-26 17:02:38.778,15.507,-86.2101,-59.5093,-49.4840,25.3901,79.5678,110.2931,-65.7767,-427.4213,152.3519,-172.4156,9.6080,73.5505,6,1,0,0,0
Session_6,2026-01-26 17:02:38.837,15.567,-86.2104,-59.5097,-49.4839,25.3029,79.5108,110.2917,-65.8529,-427.3380,152.1979,-172.3308,9.5453,73.5593,6,1,0,0,0
Session_6,2026-01-26 17:02:38.909,15.638,-86.2104,-59.5099,-49.4845,24.8552,78.9587,110.2931,-66.5396,-426.9213,151.4773,-171.6518,9.3143,73.6108,6,1,0,0,0
Session_6,2026-01-26 17:02:38.991,15.720,-86.2107,-59.5106,-49.4859,24.4906,78.7939,110.2924,-66.7623,-426.5598,150.8215,-171.3677,9.0265,73.6401,6,1,0,0,0
Session_6,2026-01-26 17:02:39.073,15.802,-86.2126,-59.5850,-49.4946,23.7023,78.5983,110.2890,-67.0652,-425.7223,148.8155,-170.8789,8.2748,73.6978,6,1,0,0,0
Session_6,2026-01-26 17:02:39.154,15.883,-86.2126,-59.8637,-49.4948,23.6316,78.3414,111.3451,-67.3804,-425.5787,146.7014,-170.6634,8.2069,72.6772,6,1,0,0,0
Session_6,2026-01-26 17:02:39.220,15.950,-86.2130,-60.4262,-49.4940,24.5208,77.8615,112.7060,-67.9034,-426.3444,144.3398,-170.5389,8.9109,71.3305,6,1,0,0,0
Session_6,2026-01-26 17:02:39.294,16.023,-86.2138,-61.2865,-49.4932,25.2239,78.6848,112.6366,-66.9072,-426.6779,139.1190,-171.2354,8.4420,71.3572,6,1,0,0,0
Session_6,2026-01-26 17:02:39.367,16.097,-86.2139,-61.7321,-49.4924,25.3441,78.7788,111.6595,-66.8020,-426.5860,136.0463,-171.0618,7.9556,72.3445,6,1,0,0,0
Session_6,2026-01-26 17:02:39.443,16.173,-86.2137,-61.7540,-49.4925,25.3427,78.9217,107.8061,-66.6314,-426.5645,135.8486,-170.6805,7.2742,76.1765,6,1,0,0,0
Session_6,2026-01-26 17:02:39.517,16.246,-86.2135,-61.7539,-49.4911,26.1440,79.2828,103.2632,-66.1444,-427.3847,137.2564,-170.6752,7.2172,80.6529,6,1,0,0,0
Session_6,2026-01-26 17:02:39.589,16.318,-86.2130,-61.7569,-49.4912,26.3706,79.2389,101.0104,-66.1778,-427.6198,137.6649,-170.4003,7.0745,82.8887,6,1,0,0,0
Session_6,2026-01-26 17:02:39.652,16.382,-86.2130,-61.7818,-49.4916,26.2807,79.4112,101.0248,-65.9795,-427.5042,137.2735,-170.5500,6.9312,82.8715,6,1,0,0,0
Session_6,2026-01-26 17:02:39.720,16.450,-86.2128,-61.9603,-49.4914,26.3322,79.8219,101.1820,-65.4914,-427.4445,135.9652,-170.9487,6.7539,82.7055,6,1,0,0,0
Session_6,2026-01-26 17:02:39.786,16.515,-86.2129,-62.3399,-49.4902,26.9536,80.0478,100.4404,-65.1926,-427.8770,134.2805,-171.1296,6.8354,83.4311,6,1,0,0,0
Session_6,2026-01-26 17:02:39.860,16.590,-86.2131,-62.8645,-49.4870,27.7206,79.7552,98.8193,-65.5101,-428.3942,131.9148,-170.6889,6.8698,85.0461,6,1,0,0,0
Session_6,2026-01-26 17:02:39.933,16.662,-86.2135,-63.1681,-49.4856,28.0556,79.4270,97.6980,-65.8938,-428.5775,130.3762,-170.2357,6.7631,86.1666,6,1,0,0,0
Session_6,2026-01-26 17:02:40.008,16.738,-86.2127,-63.1840,-49.4816,27.8414,80.6417,97.7083,-64.4528,-428.2850,129.6224,-171.4133,6.3798,86.1345,6,1,0,0,0
Session_6,2026-01-26 17:02:40.084,16.813,-86.2127,-63.1841,-49.4811,27.3381,80.5023,97.9376,-64.6537,-427.7720,128.7162,-171.2310,5.9349,85.9167,6,1,0,0,0
Session_6,2026-01-26 17:02:40.173,16.902,-86.2126,-63.1844,-49.4814,26.8794,80.4838,98.3675,-64.7074,-427.2890,127.8678,-171.1905,5.5484,85.4967,6,1,0,0,0
Session_6,2026-01-26 17:02:40.237,16.966,-86.2126,-63.1848,-49.4818,26.9556,80.5923,99.5231,-64.5725,-427.3618,127.9823,-171.4229,5.7810,84.3451,6,1,0,0,0
Session_6,2026-01-26 17:02:40.300,17.030,-86.2124,-63.1848,-49.4816,26.9591,80.7063,100.5613,-64.4341,-427.3588,127.9669,-171.6413,5.9177,83.3101,6,1,0,0,0
Session_6,2026-01-26 17:02:40.378,17.108,-86.2123,-63.1855,-49.4818,26.7998,80.9054,100.8099,-64.2070,-427.1757,127.6283,-171.8330,5.7594,83.0605,6,1,0,0,0
Session_6,2026-01-26 17:02:40.476,17.206,-86.2123,-63.1861,-49.4819,26.8183,80.9864,100.8057,-64.1087,-427.1897,127.6422,-171.9157,5.7614,83.0621,6,1,0,0,0
Session_6,2026-01-26 17:02:40.541,17.270,-86.2122,-63.1865,-49.4818,26.7606,81.0777,100.8263,-64.0028,-427.1223,127.5162,-171.9969,5.6903,83.0404,6,1,0,0,0
Session_6,2026-01-26 17:02:40.617,17.346,-86.2123,-63.1868,-49.4819,26.6748,80.8168,100.8099,-64.3218,-427.0472,127.4054,-171.7222,5.6518,83.0653,6,1,0,0,0
Session_6,2026-01-26 17:02:40.699,17.429,-86.2123,-63.1887,-49.4822,26.2038,81.0551,100.8257,-64.0705,-426.5221,126.4787,-171.8698,5.1448,83.0515,6,1,0,0,0
Session_6,2026-01-26 17:02:40.780,17.510,-86.2125,-63.1915,-49.4823,26.1166,80.9761,100.1143,-64.1725,-426.4304,126.3129,-171.7133,4.9688,83.7616,6,1,0,0,0
Session_6,2026-01-26 17:02:40.851,17.581,-86.2125,-63.2355,-49.4824,26.1598,80.8189,99.9131,-64.3596,-426.4581,126.0985,-171.5407,4.9658,83.9654,6,1,0,0,0
Session_6,2026-01-26 17:02:40.921,17.651,-86.2126,-63.3369,-49.4823,26.3926,80.6362,99.7476,-64.5667,-426.6534,125.8147,-171.3682,5.1015,84.1323,6,1,0,0,0
Session_6,2026-01-26 17:02:40.983,17.713,-86.2126,-63.5348,-49.4820,26.7462,80.3568,99.4757,-64.8843,-426.9174,125.0654,-171.0936,5.2601,84.4069,6,1,0,0,0
Session_6,2026-01-26 17:02:41.053,17.783,-86.2127,-64.0820,-49.4806,28.1401,79.3316,99.1599,-66.0347,-428.0756,123.8287,-170.1845,6.2096,84.7336,6,1,0,0,0
Session_6,2026-01-26 17:02:41.126,17.856,-86.2130,-64.5508,-49.4776,29.5951,79.2142,98.1319,-66.0996,-429.2451,123.1124,-170.0986,7.0293,85.7388,6,1,0,0,0
Session_6,2026-01-26 17:02:41.208,17.937,-86.2129,-64.5479,-49.4126,29.4399,79.5135,98.5020,-65.7439,-429.2124,123.0647,-170.4279,6.9628,85.3655,6,1,0,0,0
Session_6,2026-01-26 17:02:41.291,18.020,-86.2129,-64.5479,-49.3257,29.3143,79.5472,98.5961,-65.6999,-429.2691,123.2065,-170.4668,6.9351,85.2719,6,1,0,0,0
Session_6,2026-01-26 17:02:41.373,18.103,-86.2130,-64.5479,-49.3226,29.4386,79.5891,98.7115,-65.6413,-429.3995,123.4428,-170.5414,7.0738,85.1539,6,1,0,0,0
Session_6,2026-01-26 17:02:41.439,18.168,-86.2130,-64.5475,-49.3225,29.5491,79.9180,98.8564,-65.2421,-429.4929,123.5824,-170.9023,7.1574,84.9995,6,1,0,0,0
Session_6,2026-01-26 17:02:41.505,18.234,-86.2130,-64.5452,-49.3224,29.9281,80.4700,98.7602,-64.5577,-429.8443,124.1978,-171.4958,7.4362,85.0747,6,1,0,0,0
Session_6,2026-01-26 17:02:41.579,18.309,-86.2130,-64.5424,-49.3227,30.1575,80.6204,98.5680,-64.3627,-430.0659,124.6189,-171.6549,7.6148,85.2586,6,1,0,0,0
Session_6,2026-01-26 17:02:41.661,18.391,-86.2140,-64.5425,-49.3230,29.7263,80.1343,98.0276,-64.9792,-429.6606,123.9040,-171.0406,7.1757,85.8151,6,1,0,0,0
Session_6,2026-01-26 17:02:41.750,18.480,-86.2138,-64.5426,-49.3233,29.6645,80.1329,98.4705,-64.9840,-429.5979,123.7869,-171.0854,7.1832,85.3754,6,1,0,0,0
Session_6,2026-01-26 17:02:41.825,18.555,-86.2139,-64.5426,-49.3235,29.6473,80.0711,98.5659,-65.0595,-429.5837,123.7662,-171.0335,7.1898,85.2821,6,1,0,0,0
Session_6,2026-01-26 17:02:41.894,18.623,-86.2139,-64.5426,-49.3233,29.6349,80.0519,98.6126,-65.0829,-429.5728,123.7478,-171.0184,7.1879,85.2363,6,1,0,0,0
Session_6,2026-01-26 17:02:41.955,18.685,-86.2139,-64.5428,-49.3235,29.6377,80.0059,98.6153,-65.1381,-429.5776,123.7604,-170.9735,7.1975,85.2346,6,1,0,0,0
Session_6,2026-01-26 17:02:42.026,18.756,-86.2142,-64.5428,-49.3234,29.7194,80.3128,98.6085,-64.7685,-429.6421,123.8510,-171.2892,7.2319,85.2324,6,1,0,0,0
Session_6,2026-01-26 17:02:42.086,18.816,-86.2142,-64.5427,-49.3234,29.7400,80.4124,98.6291,-64.6478,-429.6571,123.8698,-171.3937,7.2407,85.2093,6,1,0,0,0
Session_6,2026-01-26 17:02:42.150,18.879,-86.2141,-64.5427,-49.3234,29.7716,80.5360,98.7204,-64.4973,-429.6818,123.9045,-171.5325,7.2671,85.1149,6,1,0,0,0
Session_6,2026-01-26 17:02:42.226,18.956,-86.2141,-64.5428,-49.3235,29.6823,80.3876,98.7897,-64.6805,-429.6003,123.7658,-171.3805,7.2113,85.0509,6,1,0,0,0
Session_6,2026-01-26 17:02:42.291,19.021,-86.2143,-64.5428,-49.3235,29.6439,80.3265,98.7994,-64.7573,-429.5649,123.7064,-171.3153,7.1840,85.0433,6,1,0,0,0
Session_6,2026-01-26 17:02:42.351,19.080,-86.2143,-64.5428,-49.3234,29.6617,80.4151,98.8282,-64.6504,-429.5778,123.7219,-171.4094,7.1926,85.0121,6,1,0,0,0
Session_6,2026-01-26 17:02:42.417,19.146,-86.2143,-64.5429,-49.3235,29.5175,80.2194,98.8364,-64.8937,-429.4433,123.4910,-171.1943,7.0810,85.0113,6,1,0,0,0
Session_6,2026-01-26 17:02:42.489,19.219,-86.2149,-64.5429,-49.3235,29.4482,80.1418,98.8412,-64.9956,-429.3766,123.3764,-171.1073,7.0248,85.0090,6,1,0,0,0
Session_6,2026-01-26 17:02:42.561,19.291,-86.2159,-64.5429,-49.3236,29.5656,80.3156,98.8433,-64.7877,-429.4843,123.5605,-171.2978,7.1147,84.9997,6,1,0,0,0
Session_6,2026-01-26 17:02:42.629,19.359,-86.2162,-64.5428,-49.3236,29.6871,80.4817,98.8385,-64.5834,-429.5971,123.7554,-171.4806,7.2090,84.9980,6,0,0,0,0
Session_6,2026-01-26 17:02:42.712,19.442,-86.2162,-64.5428,-49.3236,29.7118,80.4728,98.8584,-64.5924,-429.6225,123.8035,-171.4780,7.2377,84.9778,6,0,0,0,0
Session_6,2026-01-26 17:02:42.794,19.524,-86.2163,-64.5428,-49.3236,29.7592,80.3533,98.9305,-64.7326,-429.6772,123.9165,-171.3761,7.3136,84.9077,6,0,0,0,0
Session_6,2026-01-26 17:02:42.867,19.596,-86.2162,-64.5427,-49.3236,29.8066,80.3087,98.9298,-64.7824,-429.7275,124.0152,-171.3392,7.3672,84.9086,6,0,0,0,0
Session_6,2026-01-26 17:02:42.941,19.671,-86.2162,-64.5426,-49.3235,29.7832,80.2579,98.9312,-64.8447,-429.7072,123.9829,-171.2854,7.3523,84.9089,6,0,0,0,0
Session_6,2026-01-26 17:02:43.015,19.745,-86.2162,-64.5425,-49.3234,29.7503,80.0910,98.9133,-65.0463,-429.6839,123.9562,-171.1127,7.3427,84.9313,6,0,0,0,0
Session_6,2026-01-26 17:02:43.097,19.827,-86.2161,-64.5425,-49.3234,29.7668,80.0656,98.9168,-65.0747,-429.7022,123.9932,-171.0905,7.3636,84.9282,6,0,0,0,0
Session_6,2026-01-26 17:02:43.171,19.900,-86.2162,-64.5421,-49.3233,29.8004,79.9722,98.9024,-65.1841,-429.7418,124.0791,-171.0014,7.4093,84.9442,6,0,0,0,0
Session_6,2026-01-26 17:02:43.233,19.963,-86.2161,-64.5414,-49.3231,29.8190,79.9139,98.9030,-65.2522,-429.7646,124.1320,-170.9466,7.4375,84.9446,6,0,0,0,0
Session_6,2026-01-26 17:02:43.300,20.030,-86.2160,-64.5404,-49.3231,29.9247,79.9221,98.8186,-65.2348,-429.8709,124.3365,-170.9603,7.5285,85.0264,6,0,0,0,0
Session_6,2026-01-26 17:02:43.369,20.098,-86.2159,-64.5352,-49.3229,29.9556,79.9633,98.8282,-65.1825,-429.9036,124.4254,-171.0080,7.5596,85.0152,6,0,0,0,0
Session_6,2026-01-26 17:02:43.452,20.182,-86.2158,-64.4922,-49.3225,29.9707,79.9805,98.8296,-65.1579,-429.9490,124.7702,-171.0342,7.6150,85.0124,6,0,0,0,0
Session_6,2026-01-26 17:02:43.535,20.264,-86.2158,-64.3548,-49.3225,29.8780,79.9894,98.8138,-65.1468,-429.9521,125.6130,-171.0478,7.6555,85.0270,6,0,0,0,0
Session_6,2026-01-26 17:02:43.600,20.329,-86.2157,-64.1593,-49.3225,29.8217,80.0121,98.7918,-65.1144,-430.0274,126.9514,-171.0887,7.7862,85.0455,6,0,0,0,0
Session_6,2026-01-26 17:02:43.666,20.395,-86.2154,-63.8774,-49.3228,29.4379,80.2991,98.8186,-64.7823,-429.8146,128.2572,-171.3611,7.6458,85.0145,6,0,0,0,0
Session_6,2026-01-26 17:02:43.744,20.474,-86.2154,-63.6923,-49.3232,29.0918,80.5394,98.8248,-64.5097,-429.5728,128.9285,-171.5753,7.4509,85.0061,6,0,0,0,0
Session_6,2026-01-26 17:02:43.835,20.564,-86.2154,-63.6925,-49.3237,29.0726,80.2455,98.8165,-64.8625,-429.5691,128.9469,-171.2799,7.4743,85.0215,6,0,0,0,0
Session_6,2026-01-26 17:02:43.909,20.638,-86.2154,-63.6918,-49.3233,29.8780,80.4398,98.7472,-64.5775,-430.3551,130.4338,-171.5868,8.2319,85.0694,6,0,0,0,0
Session_6,2026-01-26 17:02:43.984,20.713,-86.2154,-63.6874,-49.3229,30.2756,80.3904,98.5549,-64.6108,-430.7462,131.2323,-171.5706,8.6089,85.2538,6,0,0,0,0
Session_6,2026-01-26 17:02:44.052,20.781,-86.2154,-63.6686,-49.3230,30.2646,80.1652,98.5350,-64.8799,-430.7585,131.3965,-171.3453,8.6467,85.2786,6,0,0,0,0
Session_6,2026-01-26 17:02:44.123,20.852,-86.2154,-63.6349,-49.3228,30.2618,80.2263,98.5350,-64.8059,-430.7726,131.6298,-171.4106,8.6685,85.2765,6,0,0,0,0
Session_6,2026-01-26 17:02:44.199,20.928,-86.2153,-63.6144,-49.3229,30.2522,80.2538,98.6977,-64.7726,-430.7739,131.7580,-171.4641,8.6994,85.1129,6,0,0,0,0
Session_6,2026-01-26 17:02:44.279,21.009,-86.2154,-63.4911,-49.3227,30.4308,80.3416,98.6861,-64.6518,-431.0105,132.9966,-171.5955,8.9831,85.1155,6,0,0,0,0
Session_6,2026-01-26 17:02:44.362,21.092,-86.2154,-62.7412,-49.3232,30.0517,80.4488,98.6868,-64.5220,-431.0354,137.8233,-171.7585,9.3334,85.1034,6,0,0,0,0
Session_6,2026-01-26 17:02:44.435,21.165,-86.2152,-61.4711,-49.3232,29.4104,80.3355,98.8055,-64.6616,-430.9612,146.0551,-171.7631,9.9888,84.9705,6,0,0,0,0
Session_6,2026-01-26 17:02:44.500,21.230,-86.2154,-60.1634,-49.3238,27.7013,79.9997,98.8261,-65.1440,-429.7619,152.5455,-171.3710,9.6455,84.9680,6,0,0,0,0
Session_6,2026-01-26 17:02:44.583,21.312,-86.2155,-58.0448,-49.3255,22.8529,79.5966,104.0199,-65.9154,-425.4100,159.0674,-171.2181,7.8306,79.8672,6,0,0,0,0
Session_6,2026-01-26 17:02:44.666,21.395,-86.2154,-56.1589,-49.3254,22.4128,80.0615,105.5209,-65.3893,-424.9365,171.9633,-172.2655,9.3276,78.2925,6,0,0,0,0
Session_6,2026-01-26 17:02:44.740,21.470,-86.2159,-54.6865,-49.3247,23.8314,79.1695,105.5182,-66.3932,-425.9372,185.6779,-172.1885,12.3495,78.1792,6,0,0,0,0
Session_6,2026-01-26 17:02:44.802,21.532,-86.2169,-53.1306,-49.3247,21.7186,79.5733,105.5257,-66.0856,-423.4039,192.8875,-172.4291,11.7071,78.1877,6,0,0,0,0
Session_6,2026-01-26 17:02:44.871,21.600,-86.2396,-50.7790,-49.3270,19.1842,80.4975,105.5230,-65.3901,-419.6806,204.8798,-173.2745,11.2829,78.1464,6,0,0,0,0
Session_6,2026-01-26 17:02:44.938,21.667,-86.2429,-48.3415,-49.3248,19.4444,80.3114,105.5216,-65.7579,-417.8401,223.0317,-173.8419,13.9317,77.9869,6,0,0,0,0
Session_6,2026-01-26 17:02:45.012,21.741,-86.2562,-45.0266,-49.3232,18.5332,80.0814,105.5168,-66.4354,-413.1600,245.0199,-174.2978,16.3064,77.8076,6,0,0,0,0
Session_6,2026-01-26 17:02:45.102,21.831,-86.2750,-40.0776,-49.3214,14.4168,79.3577,105.5134,-68.1487,-402.2006,271.6955,-173.8330,17.3007,77.7440,6,0,0,0,0
Session_6,2026-01-26 17:02:45.167,21.897,-86.3223,-35.7303,-49.3220,10.2145,79.2348,105.5230,-69.3844,-390.3708,292.9415,-173.7581,17.4732,77.6779,6,0,0,0,0
Session_6,2026-01-26 17:02:45.250,21.979,-86.3529,-30.3435,-49.3233,8.9882,80.3979,105.5093,-69.1133,-376.0271,325.7595,-176.1139,21.1560,77.2256,6,0,0,0,0
Session_6,2026-01-26 17:02:45.319,22.048,-86.3529,-25.8889,-49.3185,8.6339,79.9461,105.4976,-70.5278,-362.3213,353.4470,-176.9507,25.2088,76.7419,6,0,0,0,0
Session_6,2026-01-26 17:02:45.382,22.112,-86.3529,-21.4114,-49.3166,6.5032,79.0816,105.5134,-72.6032,-345.9755,376.4308,-176.8897,27.6856,76.3950,6,0,0,0,0
Session_6,2026-01-26 17:02:45.450,22.179,-86.3526,-16.4532,-49.3150,4.0471,78.9567,105.5024,-74.0199,-326.0657,399.9074,-177.6199,30.1069,75.9951,6,0,0,0,0
Session_6,2026-01-26 17:02:45.532,22.261,-86.3523,-10.7142,-49.3121,3.0521,79.5245,105.5099,-74.9350,-301.0432,428.5891,-179.9204,34.4671,75.0490,6,0,0,0,0
Session_6,2026-01-26 17:02:45.613,22.342,-86.3520,-5.0813,-49.3100,2.7967,79.5383,105.4983,-76.6505,-273.8579,455.8027,177.8538,39.5428,73.7255,6,0,0,0,0
Session_6,2026-01-26 17:02:45.688,22.417,-86.3519,-0.6756,-49.3086,1.5195,79.5232,105.4996,-78.1146,-251.1656,472.8813,176.4214,42.4807,72.7746,6,0,0,0,0
Session_6,2026-01-26 17:02:45.787,22.516,-86.3517,4.5945,-49.3094,-0.4628,79.8019,105.5079,-79.5890,-222.8054,489.9699,174.4801,45.4651,71.6113,6,0,0,0,0
Session_6,2026-01-26 17:02:45.918,22.648,-86.3517,10.0286,-49.3088,-1.1996,80.4900,105.5079,-80.7535,-191.6176,507.4877,171.1212,49.6072,69.6366,6,0,0,0,0
Session_6,2026-01-26 17:02:46.013,22.742,-86.3517,13.6559,-49.3056,-0.1009,80.6568,105.5051,-82.0046,-168.8574,520.7737,167.7140,53.8416,67.0926,6,0,0,0,0
Session_6,2026-01-26 17:02:46.116,22.845,-86.3516,16.5003,-49.3058,2.1801,80.5813,105.5051,-83.3570,-149.0641,532.8834,163.4118,58.3735,63.4550,6,0,0,0,0
Session_6,2026-01-26 17:02:46.191,22.921,-86.3516,18.4420,-49.3044,5.0139,80.7378,105.5079,-84.1503,-133.6789,542.8268,158.0978,62.3685,58.9689,6,0,0,0,0
Session_6,2026-01-26 17:02:46.265,22.995,-86.3516,19.9738,-49.3039,6.3487,81.1354,105.5106,-84.4122,-122.0862,548.4941,153.9921,64.5809,55.6554,6,0,0,0,0
Session_6,2026-01-26 17:02:46.340,23.069,-86.3516,21.6749,-49.3041,5.8166,80.5085,105.5168,-85.8552,-111.2529,550.8895,152.6789,65.6380,53.8822,6,0,0,0,0
Session_6,2026-01-26 17:02:46.415,23.145,-86.3516,22.8926,-49.3029,5.6895,81.6401,105.5148,-85.0028,-103.3131,552.7526,150.1829,66.2049,52.6586,6,0,0,0,0
Session_6,2026-01-26 17:02:46.487,23.216,-86.3516,24.1193,-49.2987,5.7692,85.2704,105.5209,-81.1442,-95.0879,554.7378,145.6939,66.3626,51.9565,6,0,0,0,0
Session_6,2026-01-26 17:02:46.562,23.291,-86.3516,25.4933,-49.2922,5.4739,92.7267,105.5436,-72.6894,-85.6729,556.2446,139.4402,65.5831,53.2933,6,0,0,0,0
Session_6,2026-01-26 17:02:46.651,23.381,-86.3516,26.8509,-49.2915,4.1892,96.6151,105.5388,-68.5058,-77.4228,556.0043,137.0921,64.8656,54.8550,6,0,0,0,0
Session_6,2026-01-26 17:02:46.716,23.446,-86.3516,27.7109,-49.2915,3.4820,93.9956,105.5402,-71.9600,-72.9660,555.7719,138.3614,65.5020,53.5178,6,0,0,0,0
Session_6,2026-01-26 17:02:46.791,23.521,-86.3518,28.6666,-49.2811,2.6573,90.2499,105.5450,-76.8291,-67.9461,555.4418,140.2695,66.3666,51.6965,6,0,0,0,0
Session_6,2026-01-26 17:02:46.857,23.586,-86.3517,29.7405,-49.2380,2.3840,90.8823,105.5374,-76.5178,-60.7723,556.2093,138.4933,66.8653,50.6716,6,0,0,0,0
Session_6,2026-01-26 17:02:46.940,23.670,-86.3517,31.4016,-49.0659,1.4214,92.2625,105.5354,-75.5337,-49.9074,556.5182,136.2260,67.2277,49.9065,6,0,0,0,0
Session_6,2026-01-26 17:02:47.006,23.736,-86.3516,32.3952,-49.0380,-0.4498,91.8203,105.5374,-76.3455,-45.5994,554.2059,137.9439,66.6933,51.0632,6,0,0,0,0
Session_6,2026-01-26 17:02:47.079,23.808,-86.3514,32.8751,-49.0436,-3.0336,90.3983,105.5374,-78.0559,-45.8738,550.1270,142.1944,65.4007,53.5968,6,0,0,0,0
Session_6,2026-01-26 17:02:47.162,23.891,-86.3505,32.7587,-49.0693,-6.5712,90.4237,105.5340,-77.6963,-51.0170,543.7305,147.3118,62.4844,58.2220,6,0,0,0,0
Session_6,2026-01-26 17:02:47.221,23.950,-86.3504,32.4841,-49.1037,-7.9108,90.3577,105.5360,-77.5565,-54.4628,540.9749,149.3349,61.1406,59.9443,6,0,0,0,0
Session_6,2026-01-26 17:02:47.286,24.015,-86.3503,31.7963,-49.1725,-7.6671,89.8256,105.5374,-77.9140,-58.9975,540.6199,150.3003,60.8356,60.3050,6,0,0,0,0
Session_6,2026-01-26 17:02:47.360,24.090,-86.3502,30.5800,-49.2995,-7.4556,88.9117,105.5333,-78.4986,-67.2456,539.4403,152.2274,60.1020,61.1595,6,0,0,0,0
Session_6,2026-01-26 17:02:47.435,24.165,-86.3502,28.5896,-49.6279,-7.0937,87.2349,105.5381,-79.6536,-81.0712,536.8265,155.5312,58.8401,62.5112,6,0,0,0,0
Session_6,2026-01-26 17:02:47.500,24.230,-86.3502,26.4857,-50.1692,-5.7431,86.3711,105.5381,-79.7950,-95.2875,534.7803,157.4741,57.9390,63.4088,6,0,0,0,0
Session_6,2026-01-26 17:02:47.583,24.313,-86.3502,23.4739,-51.1763,-4.3327,87.2376,105.5360,-77.3788,-116.6813,529.0158,159.0898,55.4464,65.5056,6,0,0,0,0
Session_6,2026-01-26 17:02:47.666,24.396,-86.3503,20.4586,-52.2482,-4.5078,89.5434,105.5354,-73.1560,-138.9678,518.5372,160.3546,51.0571,68.4293,6,0,0,0,0
Session_6,2026-01-26 17:02:47.740,24.469,-86.3503,17.4564,-53.6796,-3.2911,89.0950,105.5319,-72.3178,-160.6555,508.2740,162.8030,48.2437,69.9441,6,0,0,0,0
Session_6,2026-01-26 17:02:47.804,24.534,-86.3506,14.7088,-55.2124,-2.8413,87.7073,105.5237,-72.7226,-180.7538,495.4497,166.2221,45.0768,71.3962,6,0,0,0,0
Session_6,2026-01-26 17:02:47.871,24.600,-86.3506,12.0414,-56.7943,-2.8592,87.9538,105.5216,-71.2225,-199.5790,480.4545,168.1412,41.0424,72.8818,6,0,0,0,0
Session_6,2026-01-26 17:02:47.933,24.662,-86.3509,9.5447,-58.4402,-1.4371,87.4924,105.5209,-70.7222,-216.2293,467.7972,169.8007,38.6135,73.6421,6,0,0,0,0
Session_6,2026-01-26 17:02:47.999,24.729,-86.3518,6.3489,-60.6027,1.3747,86.2475,105.5244,-70.9542,-236.3387,452.1674,172.0408,36.5446,74.2317,6,0,0,0,0
Session_6,2026-01-26 17:02:48.076,24.806,-86.3522,2.4472,-63.3393,4.6129,85.1509,105.5230,-70.8271,-259.2058,430.3302,174.4299,33.6220,74.9703,6,0,0,0,0
Session_6,2026-01-26 17:02:48.166,24.895,-86.3528,-1.9688,-66.3279,9.0314,84.1113,105.5285,-70.6116,-282.3602,405.4508,176.5294,31.0655,75.5341,6,0,0,0,0
Session_6,2026-01-26 17:02:48.234,24.963,-86.3528,-5.4532,-68.4383,13.7199,84.6709,105.5216,-68.8928,-298.7061,387.9439,176.3253,30.0546,75.7185,6,0,0,0,0
Session_6,2026-01-26 17:02:48.299,25.028,-86.3529,-8.8237,-70.1708,16.5557,83.8875,105.5237,-68.9564,-312.5813,367.9774,177.8638,28.1045,76.0882,6,0,0,0,0
Session_6,2026-01-26 17:02:48.375,25.104,-86.3542,-12.4112,-71.6634,19.7994,83.5387,105.5257,-68.5459,-325.7489,347.9254,178.8159,26.4456,76.3650,6,0,0,0,0
Session_6,2026-01-26 17:02:48.456,25.186,-86.3542,-16.9122,-72.8074,25.8385,82.1063,105.5347,-69.2969,-341.0685,329.4616,-179.9419,27.2052,76.2914,6,0,0,0,0
Session_6,2026-01-26 17:02:48.522,25.252,-86.3544,-19.9939,-72.8764,28.7347,81.3181,105.5182,-69.6510,-350.4141,317.0358,-179.0878,27.1731,76.3507,6,0,0,0,0
Session_6,2026-01-26 17:02:48.605,25.334,-86.3546,-23.9359,-72.8589,29.9398,80.8326,105.5209,-69.5891,-360.5500,295.6248,-177.7305,24.7038,76.7405,6,0,0,0,0
Session_6,2026-01-26 17:02:48.669,25.399,-86.3546,-26.6566,-72.8584,31.0728,81.1018,105.5244,-68.8633,-366.8772,280.9135,-177.4907,23.1125,76.9368,6,0,0,0,0
Session_6,2026-01-26 17:02:48.735,25.465,-86.3544,-29.2714,-72.8523,33.8159,81.0853,105.5223,-68.4804,-373.1775,269.9970,-177.5159,23.2455,76.9229,6,0,0,0,0
Session_6,2026-01-26 17:02:48.801,25.530,-86.3548,-31.5301,-72.8470,35.0629,80.7626,105.5251,-68.5841,-377.6712,258.0695,-176.8913,22.3677,77.0455,6,0,0,0,0
Session_6,2026-01-26 17:02:48.874,25.604,-86.3548,-33.9333,-72.8324,35.7735,80.5511,105.5196,-68.5835,-381.6580,243.9343,-176.1716,20.8151,77.2437,6,0,0,0,0
Session_6,2026-01-26 17:02:48.948,25.678,-86.3548,-36.4355,-72.8029,37.7696,80.0732,105.5244,-68.8795,-385.9966,231.7252,-175.5658,20.4857,77.2991,6,0,0,0,0
Session_6,2026-01-26 17:02:49.023,25.752,-86.3548,-38.7038,-72.6013,39.3208,79.8287,105.5216,-68.9411,-389.6227,220.7431,-175.1729,20.0559,77.3611,6,0,0,0,0
Session_6,2026-01-26 17:02:49.104,25.833,-86.3547,-41.1812,-71.8692,40.8046,79.7147,105.5154,-68.8050,-393.8850,210.4726,-174.9820,19.8347,77.3972,6,0,0,0,0
Session_6,2026-01-26 17:02:49.169,25.899,-86.3545,-42.9292,-70.8175,40.8643,79.4730,105.5182,-68.8946,-397.0021,203.5783,-174.5594,19.2882,77.4638,6,0,0,0,0
Session_6,2026-01-26 17:02:49.236,25.965,-86.3537,-44.4324,-69.6499,40.7229,79.2293,105.5189,-68.9953,-399.9057,198.3796,-174.1820,18.8949,77.5166,6,0,0,0,0
Session_6,2026-01-26 17:02:49.301,26.031,-86.3538,-46.0501,-68.3266,40.7366,78.8111,105.5244,-69.2884,-403.1433,193.3639,-173.6947,18.7371,77.5498,6,0,0,0,0
Session_6,2026-01-26 17:02:49.376,26.106,-86.3539,-47.8262,-66.9033,40.4894,78.2948,105.5230,-69.7003,-406.3394,187.0936,-173.0163,18.2977,77.6236,6,0,0,0,0
Session_6,2026-01-26 17:02:49.459,26.188,-86.3537,-49.9801,-65.3164,40.7607,78.4527,105.5154,-69.2690,-410.1329,179.6711,-173.0819,17.9706,77.6530,6,0,0,0,0
Session_6,2026-01-26 17:02:49.532,26.262,-86.3534,-51.7566,-64.0712,40.3967,78.6340,105.5134,-68.8961,-412.5648,171.9446,-172.9997,17.0614,77.7270,6,0,0,0,0
Session_6,2026-01-26 17:02:49.607,26.337,-86.3533,-53.4816,-62.8726,40.5135,78.7692,105.5161,-68.5742,-415.0726,165.2515,-173.0149,16.6318,77.7536,6,0,0,0,0
Session_6,2026-01-26 17:02:49.681,26.411,-86.3526,-54.9261,-61.7589,40.8005,78.8503,105.5134,-68.3240,-417.4099,160.4538,-173.0804,16.5678,77.7580,6,0,0,0,0
Session_6,2026-01-26 17:02:49.764,26.493,-86.3520,-56.2614,-60.7034,40.6226,78.8647,105.5134,-68.1874,-419.2080,155.2062,-172.9640,16.1239,77.7948,6,0,0,0,0
Session_6,2026-01-26 17:02:49.834,26.564,-86.3514,-57.6791,-59.7913,40.6803,78.6834,105.5216,-68.2992,-420.7775,149.1793,-172.6628,15.7421,77.8281,6,0,0,0,0
Session_6,2026-01-26 17:02:49.919,26.649,-86.3514,-58.8488,-59.1114,40.3816,79.0068,105.5182,-67.8638,-421.5551,143.0501,-172.7540,14.8972,77.8791,6,0,0,0,0
Session_6,2026-01-26 17:02:49.985,26.714,-86.3514,-59.6761,-58.6154,40.6446,79.2595,105.5223,-67.5054,-422.4514,139.6967,-172.9815,14.7648,77.8710,6,0,0,0,0
Session_6,2026-01-26 17:02:50.060,26.789,-86.3514,-60.3221,-57.8970,40.8094,79.2265,105.5196,-67.4587,-423.7965,138.5055,-173.0155,15.0014,77.8578,6,0,0,0,0
Session_6,2026-01-26 17:02:50.133,26.863,-86.3502,-60.4614,-57.1296,40.0376,79.1256,105.5175,-67.5112,-424.7343,139.3943,-172.8764,14.8897,77.8750,6,0,0,0,0
Session_6,2026-01-26 17:02:50.215,26.945,-86.3501,-60.4987,-56.3507,39.0063,78.7912,105.5196,-67.8588,-425.5214,140.6322,-172.4703,14.6998,77.9056,6,0,0,0,0
Session_6,2026-01-26 17:02:50.298,27.027,-86.3490,-60.6597,-55.9862,38.4542,78.7321,105.5196,-67.9055,-425.7623,140.0035,-172.3152,14.3800,77.9334,6,0,0,0,0
Session_6,2026-01-26 17:02:50.372,27.101,-86.3492,-61.0464,-55.9714,38.5867,78.8420,105.5196,-67.7787,-425.7182,137.4664,-172.3552,14.1204,77.9456,6,0,0,0,0
Session_6,2026-01-26 17:02:50.432,27.162,-86.3492,-61.3586,-55.9716,38.0992,79.5946,105.5161,-66.9182,-425.1310,134.0529,-172.8632,13.1503,77.9749,6,0,0,0,0
Session_6,2026-01-26 17:02:50.510,27.240,-86.3492,-61.5280,-55.9719,37.1352,79.8040,105.5168,-66.7273,-424.1961,130.8898,-172.7534,12.0030,78.0352,6,0,0,0,0
Session_6,2026-01-26 17:02:50.593,27.323,-86.3490,-61.5278,-55.9719,37.4098,79.7621,105.5168,-66.7606,-424.4385,131.4325,-172.7885,12.2787,78.0209,6,0,0,0,0
Session_6,2026-01-26 17:02:50.666,27.396,-86.3488,-61.5342,-55.9731,36.3345,79.9406,105.5196,-66.6070,-423.4688,129.2639,-172.6648,11.1888,78.0727,6,0,0,0,0
Session_6,2026-01-26 17:02:50.732,27.461,-86.3487,-61.5975,-55.9734,36.3558,79.8157,105.5230,-66.7569,-423.4532,128.8678,-172.5327,11.1817,78.0760,6,0,0,0,0
Session_6,2026-01-26 17:02:50.801,27.530,-86.3473,-62.0071,-55.9732,36.9491,79.7690,105.5271,-66.7847,-423.7288,127.0296,-172.5385,11.3717,78.0650,6,0,0,0,0
Session_6,2026-01-26 17:02:50.873,27.603,-86.3476,-62.9164,-55.9725,38.6121,79.6481,105.5175,-66.8772,-424.5826,123.6228,-172.6265,12.1291,78.0365,6,0,0,0,0
Session_6,2026-01-26 17:02:50.948,27.678,-86.3482,-63.3455,-55.9724,39.5988,79.3728,105.5175,-67.1753,-425.1328,122.4576,-172.5129,12.7394,78.0126,6,0,0,0,0
Session_6,2026-01-26 17:02:51.029,27.758,-86.3481,-63.3390,-55.9660,39.5425,79.4229,105.5182,-67.1167,-425.1019,122.4126,-172.5498,12.6844,78.0128,6,0,0,0,0
Session_6,2026-01-26 17:02:51.103,27.832,-86.3483,-63.3300,-55.9597,39.5034,79.4593,105.5182,-67.0756,-425.0872,122.4215,-172.5785,12.6517,78.0128,6,0,0,0,0
Session_6,2026-01-26 17:02:51.166,27.896,-86.3482,-63.3237,-55.9387,39.4286,79.4332,105.5134,-67.1074,-425.0753,122.4198,-172.5390,12.6122,78.0215,6,0,0,0,0
Session_6,2026-01-26 17:02:51.234,27.964,-86.3482,-63.3200,-55.8240,39.1704,79.4167,105.5175,-67.1248,-425.1108,122.4516,-172.4853,12.4825,78.0262,6,0,0,0,0
Session_6,2026-01-26 17:02:51.300,28.029,-86.3480,-63.3133,-55.5673,38.6073,79.4003,105.5182,-67.1373,-425.1968,122.5360,-172.3869,12.1983,78.0440,6,0,0,0,0
Session_6,2026-01-26 17:02:51.367,28.096,-86.3484,-63.3131,-55.1049,37.8465,79.5122,105.5189,-66.9841,-425.5472,123.0684,-172.4137,11.8815,78.0560,6,0,0,0,0
Session_6,2026-01-26 17:02:51.448,28.178,-86.3484,-63.3123,-54.3610,36.4622,79.5197,105.5230,-66.9493,-425.9481,123.6707,-172.2466,11.2641,78.0867,6,0,0,0,0
Session_6,2026-01-26 17:02:51.531,28.260,-86.3482,-63.3128,-53.5690,35.2187,79.6440,105.5230,-66.7616,-426.5406,124.7385,-172.2437,10.7956,78.1060,6,0,0,0,0
Session_6,2026-01-26 17:02:51.604,28.333,-86.3482,-63.3130,-53.0821,34.7594,79.7230,105.5196,-66.6271,-427.1707,125.9881,-172.3271,10.8005,78.1051,6,0,0,0,0
Session_6,2026-01-26 17:02:51.667,28.396,-86.3483,-63.3134,-52.9935,34.1798,79.7161,105.5196,-66.6578,-426.8235,125.2690,-172.1866,10.3290,78.1299,6,0,0,0,0
Session_6,2026-01-26 17:02:51.744,28.473,-86.3492,-63.3135,-52.9948,33.9725,79.6845,105.5223,-66.7153,-426.6255,124.8733,-172.0997,10.1365,78.1374,6,0,0,0,0
Session_6,2026-01-26 17:02:51.826,28.556,-86.3504,-63.3137,-52.9949,33.9979,79.6955,105.5237,-66.7093,-426.6473,124.9179,-172.1174,10.1581,78.1333,6,0,0,0,0
Session_6,2026-01-26 17:02:51.902,28.632,-86.3501,-63.3135,-52.9953,34.1888,79.7477,105.5202,-66.6336,-426.8242,125.2703,-172.2193,10.3275,78.1258,6,1,0,0,0
Session_6,2026-01-26 17:02:51.983,28.713,-86.3502,-63.3135,-52.9952,34.1695,79.7120,105.5230,-66.6778,-426.8080,125.2417,-172.1799,10.3189,78.1253,6,1,0,0,0
Session_6,2026-01-26 17:02:52.056,28.786,-86.3503,-63.3135,-52.9952,34.0487,79.7127,105.5237,-66.6848,-426.6941,125.0107,-172.1478,10.2023,78.1303,6,1,0,0,0
Session_6,2026-01-26 17:02:52.132,28.861,-86.3502,-63.3136,-52.9953,33.9890,79.6474,105.5230,-66.7659,-426.6406,124.9102,-172.0681,10.1618,78.1364,6,1,0,0,0
Session_6,2026-01-26 17:02:52.204,28.934,-86.3501,-63.3137,-52.9954,33.8702,79.6193,105.5257,-66.8062,-426.5292,124.6888,-172.0090,10.0550,78.1404,6,1,0,0,0
Session_6,2026-01-26 17:02:52.271,29.000,-86.3502,-63.3137,-52.9954,33.6868,79.5142,105.5244,-66.9427,-426.3596,124.3627,-171.8571,9.9060,78.1544,6,1,0,0,0
Session_6,2026-01-26 17:02:52.334,29.064,-86.3502,-63.3138,-52.9958,33.6758,79.5431,105.5257,-66.9094,-426.3469,124.3335,-171.8822,9.8875,78.1524,6,1,0,0,0
Session_6,2026-01-26 17:02:52.403,29.133,-86.3502,-63.3138,-52.9958,33.6635,79.5705,105.5209,-66.8775,-426.3335,124.3033,-171.9046,9.8676,78.1567,6,1,0,0,0
Session_6,2026-01-26 17:02:52.468,29.198,-86.3501,-63.3138,-52.9958,33.6710,79.5829,105.5251,-66.8615,-426.3402,124.3148,-171.9194,9.8721,78.1519,6,1,0,0,0
Session_6,2026-01-26 17:02:52.533,29.263,-86.3501,-63.3138,-52.9958,33.7692,79.6955,105.5237,-66.7211,-426.4286,124.4776,-172.0550,9.9367,78.1444,6,1,0,0,0
Session_6,2026-01-26 17:02:52.601,29.330,-86.3502,-63.3137,-52.9958,33.8578,79.7484,105.5251,-66.6531,-426.5103,124.6351,-172.1306,10.0083,78.1369,6,1,0,0,0
Session_6,2026-01-26 17:02:52.674,29.403,-86.3501,-63.3135,-52.9958,34.1407,80.0718,105.5209,-66.2499,-426.7628,125.1083,-172.5205,10.1948,78.1158,6,1,0,0,0
Session_6,2026-01-26 17:02:52.747,29.477,-86.3502,-63.3133,-52.9956,34.5204,80.6754,105.5120,-65.5061,-427.0899,125.7157,-173.2077,10.3997,78.0858,6,1,0,0,0
Session_6,2026-01-26 17:02:52.822,29.551,-86.3504,-63.3130,-52.9954,34.4366,80.7124,105.5168,-65.4683,-427.0103,125.5510,-173.2218,10.3102,78.0837,6,1,0,0,0
Session_6,2026-01-26 17:02:52.887,29.617,-86.3504,-63.3129,-52.9954,34.4847,80.7090,105.5154,-65.4696,-427.0554,125.6444,-173.2314,10.3573,78.0828,6,1,0,0,0
Session_6,2026-01-26 17:02:52.954,29.684,-86.3504,-63.3123,-52.9951,34.8095,80.7159,105.5161,-65.4420,-427.3572,126.2718,-173.3271,10.6693,78.0657,6,1,0,0,0
Session_6,2026-01-26 17:02:53.021,29.751,-86.3506,-63.3121,-52.9951,34.7745,80.6554,105.5175,-65.5175,-427.3278,126.2180,-173.2593,10.6521,78.0678,6,1,0,0,0
Session_6,2026-01-26 17:02:53.087,29.816,-86.3507,-63.3116,-52.9951,34.6818,80.6808,105.5223,-65.4935,-427.2411,126.0390,-173.2596,10.5571,78.0666,6,1,0,0,0
Session_6,2026-01-26 17:02:53.153,29.882,-86.3508,-63.3083,-52.9950,34.6433,80.6554,105.5209,-65.5269,-427.2090,125.9948,-173.2251,10.5299,78.0705,6,1,0,0,0
Session_6,2026-01-26 17:02:53.219,29.948,-86.3510,-63.2462,-52.9950,34.5657,80.5998,105.5223,-65.5967,-427.1817,126.3139,-173.1672,10.5298,78.0715,6,1,0,0,0
Session_6,2026-01-26 17:02:53.284,30.013,-86.3511,-63.0974,-52.9950,34.4696,80.5456,105.5161,-65.6621,-427.1947,127.2370,-173.1279,10.5943,78.0767,6,1,0,0,0
Session_6,2026-01-26 17:02:53.354,30.083,-86.3512,-62.6846,-52.9951,34.1599,80.5552,105.5134,-65.6522,-427.1723,129.6815,-173.1648,10.6906,78.0739,6,1,0,0,0
Session_6,2026-01-26 17:02:53.417,30.146,-86.3511,-62.1276,-52.9951,33.9381,80.4742,105.5202,-65.7406,-427.2996,133.3757,-173.1793,11.0359,78.0524,6,1,0,0,0
Session_6,2026-01-26 17:02:53.485,30.215,-86.3511,-61.4185,-52.9951,33.7960,80.4735,105.5168,-65.7267,-427.5339,138.3282,-173.3335,11.5816,78.0254,6,1,0,0,0
Session_6,2026-01-26 17:02:53.550,30.280,-86.3511,-60.6575,-52.9953,33.3991,80.4879,105.5209,-65.7108,-427.5060,143.1675,-173.4485,11.9288,78.0004,6,1,0,0,0
Session_6,2026-01-26 17:02:53.626,30.356,-86.3509,-59.8005,-52.9953,33.2680,80.5284,105.5189,-65.6499,-427.6746,149.2244,-173.6880,12.6166,77.9588,6,1,0,0,0
Session_6,2026-01-26 17:02:53.708,30.438,-86.3505,-58.8001,-52.9953,32.7255,80.6534,105.5202,-65.5131,-427.4341,155.5170,-173.9367,13.0243,77.9258,6,1,0,0,0
Session_6,2026-01-26 17:02:53.770,30.499,-86.3504,-58.0623,-52.9953,32.3987,80.7241,105.5154,-65.4388,-427.2532,160.3011,-174.1187,13.4006,77.9026,6,1,0,0,0
Session_6,2026-01-26 17:02:53.832,30.561,-86.3504,-57.1040,-52.9953,31.8192,80.8285,105.5168,-65.3418,-426.8071,166.1996,-174.3261,13.7375,77.8736,6,1,0,0,0
Session_6,2026-01-26 17:02:53.900,30.630,-86.3502,-56.0410,-52.9953,31.2211,80.9047,105.5189,-65.2849,-426.2433,172.8263,-174.5309,14.1648,77.8382,6,1,0,0,0
Session_6,2026-01-26 17:02:53.969,30.699,-86.3497,-54.6880,-52.9955,30.2886,80.9267,105.5161,-65.3194,-425.2311,180.9109,-174.6698,14.5631,77.8115,6,1,0,0,0
Session_6,2026-01-26 17:02:54.037,30.766,-86.3496,-53.3933,-52.9956,29.7077,80.9315,105.5196,-65.3702,-424.3352,189.2411,-174.8773,15.2486,77.7560,6,1,0,0,0
Session_6,2026-01-26 17:02:54.100,30.830,-86.3492,-52.3170,-52.9957,29.2449,80.9919,105.5141,-65.3499,-423.4720,196.1749,-175.1090,15.8219,77.7139,6,1,0,0,0
Session_6,2026-01-26 17:02:54.175,30.905,-86.3473,-50.7139,-52.9958,28.3543,81.2995,105.5230,-65.0724,-421.8166,206.0196,-175.6140,16.4255,77.6429,6,1,0,0,0
Session_6,2026-01-26 17:02:54.241,30.971,-86.3303,-49.5442,-52.9959,27.1809,81.6037,105.5209,-64.6930,-420.0953,212.1012,-175.9071,16.3405,77.6561,6,1,0,0,0
Session_6,2026-01-26 17:02:54.314,31.044,-86.3195,-48.3561,-52.9961,26.3205,82.0850,105.5168,-64.1420,-418.4405,218.8802,-176.4665,16.5265,77.6356,6,1,0,0,0
Session_6,2026-01-26 17:02:54.388,31.118,-86.2663,-47.3765,-52.9961,26.0321,82.1152,105.5141,-63.7934,-417.3284,225.3529,-176.6958,17.1826,77.6318,6,1,0,0,0
Session_6,2026-01-26 17:02:54.464,31.193,-86.1501,-46.5237,-52.9961,25.8440,82.1166,105.5244,-63.0169,-416.3951,231.1008,-176.8932,17.8212,77.6803,6,1,0,0,0
Session_6,2026-01-26 17:02:54.546,31.275,-85.8714,-45.3076,-52.9960,25.1683,82.1310,105.5148,-61.1109,-414.7868,238.4332,-177.0625,18.3359,77.9197,6,1,0,0,0
Session_6,2026-01-26 17:02:54.621,31.351,-85.2558,-43.7260,-52.9960,24.3457,82.2285,105.5230,-56.7545,-412.7554,248.0029,-177.3839,19.0390,78.4534,6,1,0,0,0
Session_6,2026-01-26 17:02:54.710,31.440,-84.3759,-41.7606,-52.9960,23.9076,82.3913,105.5216,-50.5392,-410.2642,260.9720,-177.9981,20.4607,79.1784,6,1,0,0,0
Session_6,2026-01-26 17:02:54.775,31.504,-83.6477,-40.0195,-52.9960,22.8536,82.2100,105.5237,-45.9413,-407.2723,271.0273,-178.0322,21.1682,79.8320,6,1,0,0,0
Session_6,2026-01-26 17:02:54.842,31.572,-82.9770,-38.4133,-52.9969,22.1635,82.4133,105.5168,-41.3494,-404.3302,280.7208,-178.5066,21.9909,80.4052,6,1,0,0,0
Session_6,2026-01-26 17:02:54.915,31.645,-82.4581,-36.6299,-52.9969,21.4927,82.2272,105.5196,-38.4454,-400.6547,291.6241,-178.6738,23.1064,80.7898,6,1,0,0,0
Session_6,2026-01-26 17:02:54.998,31.728,-82.1649,-34.8313,-52.9971,20.4236,82.3466,105.5161,-36.8793,-396.2744,301.6130,-179.0174,23.7725,80.9946,6,1,0,0,0
Session_6,2026-01-26 17:02:55.073,31.803,-82.1172,-33.0696,-52.9971,18.6081,82.6927,105.5209,-36.8342,-391.2113,309.6078,-179.3365,23.6285,81.0425,6,1,0,0,0
Session_6,2026-01-26 17:02:55.139,31.868,-82.1171,-31.5590,-52.9974,17.2739,82.7003,105.5244,-37.4390,-386.7729,316.8423,-179.4011,23.7952,81.0164,6,1,0,0,0
Session_6,2026-01-26 17:02:55.213,31.943,-82.1168,-30.2462,-52.9984,17.1435,83.0189,105.5189,-37.5511,-383.1508,325.1394,179.9165,24.8399,80.8668,6,1,0,0,0
Session_6,2026-01-26 17:02:55.287,32.017,-82.1160,-29.4094,-52.9984,17.1469,83.1006,105.5161,-37.7737,-380.7907,330.5861,179.5664,25.6213,80.7544,6,1,0,0,0
Session_6,2026-01-26 17:02:55.377,32.106,-82.0926,-29.0077,-52.9986,17.0467,83.4659,105.5209,-37.3450,-379.5757,332.9312,179.1140,25.8114,80.7309,6,1,0,0,0
Session_6,2026-01-26 17:02:55.451,32.180,-81.8236,-29.0092,-53.0105,16.8414,83.9349,105.5264,-35.0086,-379.6259,332.3743,178.7323,25.4768,81.0274,6,1,0,0,0
Session_6,2026-01-26 17:02:55.525,32.255,-80.9960,-29.0101,-53.0136,16.5282,84.5281,105.5251,-28.8268,-379.9006,331.6288,178.2664,25.0151,81.9052,6,1,0,0,0
Session_6,2026-01-26 17:02:55.607,32.336,-79.5107,-29.0150,-53.0285,16.2035,84.9154,105.5244,-18.5265,-380.3472,330.8017,178.0066,24.5821,83.4417,6,1,0,0,0
Session_6,2026-01-26 17:02:55.673,32.402,-78.2264,-29.0177,-53.0393,15.8560,84.7829,105.5196,-10.1803,-380.5695,330.0147,178.2520,24.2726,84.7781,6,1,0,0,0
Session_6,2026-01-26 17:02:55.747,32.476,-76.8922,-29.0208,-53.0496,14.8199,85.0060,105.5196,-1.1473,-380.2429,327.7500,178.3716,23.2088,86.2485,6,1,0,0,0
Session_6,2026-01-26 17:02:55.820,32.550,-75.7005,-29.0318,-53.1104,13.2069,85.5588,105.5264,7.2354,-379.3396,323.9672,178.3632,21.4475,87.6369,6,1,0,0,0
Session_6,2026-01-26 17:02:55.893,32.623,-74.8892,-29.0578,-53.2963,12.1577,86.4892,105.5237,13.5699,-378.4503,320.6501,177.8558,19.9901,88.5961,6,1,0,0,0
Session_6,2026-01-26 17:02:55.968,32.698,-74.2096,-29.0971,-53.8764,12.1550,86.3168,105.5168,17.8531,-378.3057,317.5987,178.2112,19.4398,89.3446,6,1,0,0,0
Session_6,2026-01-26 17:02:56.032,32.761,-73.8696,-29.1936,-54.6799,12.5217,86.0490,105.5223,19.8569,-378.5260,313.8694,178.6263,18.9998,89.7293,6,1,0,0,0
Session_6,2026-01-26 17:02:56.109,32.838,-73.7996,-29.8975,-56.1403,14.0543,85.8554,105.5209,20.6998,-380.6515,305.4225,179.0010,18.4456,89.8599,6,1,0,0,0
Session_6,2026-01-26 17:02:56.182,32.912,-73.8002,-31.2046,-57.5776,16.4973,85.5553,105.5257,21.4264,-384.4666,294.9840,179.3774,18.2366,89.8812,6,1,0,0,0
Session_6,2026-01-26 17:02:56.248,32.978,-73.8001,-32.4538,-58.6482,18.2455,85.1619,105.5175,21.8455,-387.6131,285.2014,179.9276,17.7932,89.9414,6,1,0,0,0
Session_6,2026-01-26 17:02:56.315,33.044,-73.8003,-33.7151,-59.6099,20.0535,84.5872,105.5175,22.0038,-390.6507,275.9417,-179.3967,17.5486,89.9789,6,1,0,0,0
Session_6,2026-01-26 17:02:56.383,33.112,-73.8000,-34.9276,-60.4553,21.6740,83.5119,105.5209,21.4694,-393.4532,267.1971,-178.2318,17.4162,90.0203,6,1,0,0,0
Session_6,2026-01-26 17:02:56.455,33.185,-73.7982,-36.4500,-61.4725,24.0340,82.5945,105.5202,21.2858,-396.7380,256.9883,-177.2923,17.4889,90.0486,6,1,0,0,0
Session_6,2026-01-26 17:02:56.531,33.260,-73.7984,-37.9496,-62.3437,26.2402,83.2544,105.5196,22.8310,-399.2140,247.0327,-177.8822,17.1544,90.0556,6,1,0,0,0
Session_6,2026-01-26 17:02:56.611,33.340,-73.7984,-39.6646,-63.2705,27.7494,84.8522,105.5120,25.2930,-400.7778,233.7815,-179.0955,15.6389,90.1441,6,1,0,0,0
Session_6,2026-01-26 17:02:56.687,33.416,-73.7987,-41.1986,-64.1224,29.2573,85.7092,105.5024,26.7325,-402.0280,222.1936,-179.6683,14.5658,90.2166,6,1,0,0,0
Session_6,2026-01-26 17:02:56.751,33.480,-73.7972,-42.4916,-64.7690,30.1190,85.4784,105.5807,26.7052,-402.8975,212.0199,-179.1594,13.5921,90.2125,6,1,0,0,0
Session_6,2026-01-26 17:02:56.817,33.546,-73.7967,-43.9053,-65.3708,31.0728,85.2766,105.6274,26.6911,-403.7110,201.3998,-178.6755,12.6265,90.2342,6,1,0,0,0
Session_6,2026-01-26 17:02:56.882,33.611,-73.7928,-45.1415,-65.6851,32.3094,85.9763,105.6267,27.8593,-404.6021,193.7916,-179.2616,12.1364,90.2543,6,1,0,0,0
Session_6,2026-01-26 17:02:56.958,33.687,-73.7798,-46.9934,-65.7760,33.8860,86.0525,105.6301,28.5752,-406.4104,183.6293,-179.2329,11.7637,90.2848,6,1,0,0,0
Session_6,2026-01-26 17:02:57.033,33.763,-73.7675,-48.5898,-65.7755,34.7642,86.1548,105.6905,29.1003,-407.4647,174.2310,-179.1426,11.0469,90.2749,6,1,0,0,0
Session_6,2026-01-26 17:02:57.115,33.844,-73.7357,-50.4935,-65.7747,36.5927,86.5613,105.7056,30.2870,-408.9839,164.4731,-179.5162,10.8655,90.2939,6,1,0,0,0
Session_6,2026-01-26 17:02:57.190,33.920,-73.6470,-52.1882,-65.7741,38.6993,88.7853,105.7084,33.9894,-409.8226,156.5963,178.2279,10.6601,90.3652,6,1,0,0,0
Session_6,2026-01-26 17:02:57.265,33.994,-73.3529,-53.3134,-65.7741,39.9078,89.7295,105.6953,37.4244,-410.1010,151.0299,177.3000,10.4854,90.6783,6,1,0,0,0
Session_6,2026-01-26 17:02:57.334,34.063,-72.7774,-54.1413,-65.7741,41.2962,89.8462,105.6905,41.9598,-410.5741,147.9160,177.0317,10.9930,91.2311,6,1,0,0,0
Session_6,2026-01-26 17:02:57.411,34.140,-71.7989,-54.3567,-65.7730,40.8293,91.0389,105.6789,50.1931,-408.9016,145.4949,176.0797,10.0168,92.2758,6,1,0,0,0
Session_6,2026-01-26 17:02:57.485,34.215,-71.0308,-54.3553,-65.7718,40.1049,91.0787,105.6658,55.5103,-407.5788,144.0973,176.2443,9.3128,93.0915,6,1,0,0,0
Session_6,2026-01-26 17:02:57.560,34.290,-70.6597,-54.3554,-65.7708,39.8254,91.0279,105.6528,58.0094,-406.9976,143.5566,176.3723,9.0594,93.4873,6,1,0,0,0
Session_6,2026-01-26 17:02:57.642,34.372,-70.6371,-54.3553,-65.7705,39.6414,90.3900,105.6390,57.3855,-407.0768,143.1920,177.0380,9.0553,93.5217,6,1,0,0,0
Session_6,2026-01-26 17:02:57.732,34.461,-70.6369,-54.3552,-65.7692,39.9696,89.6539,105.6329,56.6431,-407.6541,143.8354,177.6551,9.5708,93.5041,6,1,0,0,0
Session_6,2026-01-26 17:02:57.814,34.543,-70.6371,-54.3553,-65.7694,39.6455,88.7764,105.6335,55.5404,-407.7294,143.2189,178.5886,9.4951,93.5103,6,1,0,0,0
Session_6,2026-01-26 17:02:57.890,34.619,-70.6376,-54.3555,-65.7696,39.1306,87.7505,105.6315,54.2049,-407.6926,142.2575,179.7188,9.2757,93.5309,6,1,0,0,0
Session_6,2026-01-26 17:02:57.955,34.685,-70.6377,-54.3557,-65.7699,38.8147,87.1181,105.6294,53.3823,-407.6652,141.6795,-179.5844,9.1417,93.5471,6,1,0,0,0
Session_6,2026-01-26 17:02:58.031,34.760,-70.6377,-54.3563,-65.7701,38.5806,86.6862,105.6335,52.8148,-407.6272,141.2520,-179.1041,9.0320,93.5545,6,1,0,0,0
Session_6,2026-01-26 17:02:58.111,34.841,-70.6376,-54.3570,-65.7704,38.6293,86.8806,105.6411,53.0531,-407.5932,141.3262,-179.3057,9.0257,93.5442,6,1,0,0,0
Session_6,2026-01-26 17:02:58.193,34.923,-70.6379,-54.3586,-65.7707,38.4563,86.7075,105.9061,52.7980,-407.5065,140.9929,-179.1323,8.9081,93.2838,6,1,0,0,0
Session_6,2026-01-26 17:02:58.276,35.005,-70.6387,-54.3665,-65.7712,38.0312,86.5565,111.2977,52.4842,-407.1812,140.1321,-179.6783,8.6017,87.8502,6,1,0,0,0
Session_6,2026-01-26 17:02:58.349,35.079,-70.6426,-54.4010,-65.7712,38.1260,86.4391,114.2194,52.3466,-407.3020,140.0799,179.9613,8.7098,84.8874,6,1,0,0,0
Session_6,2026-01-26 17:02:58.424,35.153,-70.6475,-54.6467,-65.7712,38.6870,86.1884,116.3617,52.1652,-407.8040,139.4506,179.7146,9.0952,82.6925,6,1,0,0,0
Session_6,2026-01-26 17:02:58.484,35.213,-70.6746,-55.2589,-65.7711,39.9559,86.1280,116.7606,52.2005,-408.7010,137.5970,179.4014,9.7051,82.2116,6,1,0,0,0
Session_6,2026-01-26 17:02:58.556,35.286,-70.7784,-56.4771,-65.7707,41.1376,85.7545,116.9467,51.1761,-409.3520,131.3373,179.7192,9.8402,81.9206,6,1,0,0,0
Session_6,2026-01-26 17:02:58.622,35.352,-71.0248,-57.3213,-65.7697,41.8359,86.4452,116.9350,50.2459,-409.4143,126.6872,179.1732,9.3987,81.7003,6,1,0,0,0
Session_6,2026-01-26 17:02:58.701,35.431,-71.5032,-57.7276,-65.7701,41.7680,85.4530,118.0186,45.5728,-409.8583,123.7782,-179.9021,9.4297,80.1574,6,1,0,0,0
Session_6,2026-01-26 17:02:58.787,35.517,-71.7769,-57.7273,-65.7696,42.6881,84.2576,119.0417,42.5032,-411.3153,125.6830,-179.4859,10.8124,78.7681,6,1,0,0,0
Session_6,2026-01-26 17:02:58.849,35.578,-71.7980,-57.7273,-65.7688,43.1488,84.3729,119.2326,42.6154,-411.6864,126.5651,-179.8559,11.1588,78.5080,6,1,0,0,0
Session_6,2026-01-26 17:02:58.928,35.657,-71.7980,-57.7274,-65.7691,42.7451,84.5103,119.7393,42.6598,-411.2906,125.7652,-179.8681,10.7422,78.0307,6,1,0,0,0
Session_6,2026-01-26 17:02:59.001,35.731,-71.7979,-57.7274,-65.7691,42.7897,84.9442,119.7180,43.1733,-411.1726,125.8036,179.7363,10.5655,78.0485,6,1,0,0,0
Session_6,2026-01-26 17:02:59.076,35.805,-71.7979,-57.7272,-65.7689,43.6047,85.4990,119.5944,44.0416,-411.6653,127.3331,178.8617,10.9979,78.0998,6,1,0,0,0
Session_6,2026-01-26 17:02:59.158,35.888,-71.7970,-57.7268,-65.7683,44.2083,85.8561,119.3994,44.6247,-412.0363,128.4842,178.2819,11.3503,78.2441,6,1,0,0,0
Session_6,2026-01-26 17:02:59.232,35.962,-71.7971,-57.7269,-65.7686,43.9336,85.8705,119.1083,44.5666,-411.8045,127.9443,178.4665,11.1129,78.5681,6,1,0,0,0
Session_6,2026-01-26 17:02:59.314,36.044,-71.7970,-57.7268,-65.7684,44.0119,85.9138,119.0801,44.6381,-411.8538,128.0946,178.3948,11.1609,78.5898,6,1,0,0,0
Session_6,2026-01-26 17:02:59.397,36.127,-71.7971,-57.7269,-65.7686,43.5347,85.8630,119.0307,44.4483,-411.4749,127.1671,178.6886,10.7715,78.6851,6,1,0,0,0
Session_6,2026-01-26 17:02:59.470,36.200,-71.7971,-57.7271,-65.7692,41.9719,85.9975,119.0781,44.1588,-410.0724,124.1285,179.3441,9.3441,78.7746,6,1,0,0,0
Session_6,2026-01-26 17:02:59.545,36.275,-71.7971,-57.7273,-65.7699,40.1694,86.1967,119.1261,43.8431,-408.3411,120.6709,-179.9423,7.6756,78.8589,6,1,0,0,0
Session_6,2026-01-26 17:02:59.619,36.348,-71.7973,-57.7275,-65.7703,39.3256,86.2097,119.1145,43.5896,-407.5247,119.0767,-179.5354,6.9328,78.9234,6,1,0,0,0
Session_6,2026-01-26 17:02:59.693,36.422,-71.7973,-57.7276,-65.7703,39.5137,85.9852,119.1000,43.3910,-407.7903,119.4481,-179.4300,7.2060,78.9275,6,1,0,0,0
Session_6,2026-01-26 17:02:59.843,36.572,-71.7973,-57.7285,-65.7704,38.8058,85.1914,119.6136,42.2485,-407.3899,118.1889,-178.4493,6.9876,78.4607,6,1,0,0,0
Session_6,2026-01-26 17:02:59.939,36.669,-71.7973,-57.7396,-65.7706,38.2345,85.2168,121.1112,42.0875,-406.8015,117.0445,-178.3509,6.5145,76.9879,6,1,0,0,0
Session_6,2026-01-26 17:03:00.029,36.758,-71.7973,-57.8032,-65.7706,38.2791,85.3356,121.8473,42.2224,-406.7514,116.6716,-178.5260,6.4563,76.2468,6,1,0,0,0
Session_6,2026-01-26 17:03:00.104,36.834,-71.7973,-57.9703,-65.7706,38.3210,85.1413,122.1954,41.9679,-406.7295,115.6034,-178.3333,6.4628,75.9070,6,1,0,0,0
Session_6,2026-01-26 17:03:00.169,36.898,-71.7974,-58.4781,-65.7704,39.0660,85.1907,122.1240,42.1306,-407.0357,113.4402,-178.4947,6.6353,75.9634,6,1,0,0,0
Session_6,2026-01-26 17:03:00.231,36.961,-71.7977,-59.3101,-65.7701,40.1564,85.1440,121.6441,42.1898,-407.4038,109.6659,-178.5362,6.8669,76.4307,6,1,0,0,0
Session_6,2026-01-26 17:03:00.301,37.030,-71.7979,-59.9936,-65.7698,40.6666,85.5286,121.0789,42.5845,-407.1207,105.8055,-178.7079,6.5056,77.0050,6,1,0,0,0
Session_6,2026-01-26 17:03:00.369,37.099,-71.7974,-60.2238,-65.7686,41.3773,85.6968,120.9519,42.9403,-407.5404,105.5113,-179.0882,6.8287,77.1026,6,1,0,0,0
Session_6,2026-01-26 17:03:00.431,37.161,-71.7968,-60.2212,-65.7642,43.0808,86.2111,120.9787,44.0800,-409.0001,108.7134,179.5742,8.0279,76.9596,6,1,0,0,0
Session_6,2026-01-26 17:03:00.501,37.230,-71.7966,-60.2195,-65.7512,43.3541,85.4029,121.2815,43.2444,-409.5846,109.3701,-179.9303,8.6906,76.6304,6,1,0,0,0
Session_6,2026-01-26 17:03:00.567,37.297,-71.7966,-60.2204,-65.7522,42.6496,85.5869,121.7677,43.2388,-408.8550,108.0056,-179.7824,7.9951,76.1934,6,1,0,0,0
Session_6,2026-01-26 17:03:00.647,37.377,-71.7950,-60.2199,-65.7519,42.9696,85.7826,121.7635,43.5756,-409.0844,108.5985,179.8800,8.1641,76.1750,6,1,0,0,0
Session_6,2026-01-26 17:03:00.714,37.444,-71.7950,-60.2200,-65.7520,42.7341,85.9316,121.7491,43.6743,-408.8076,108.1379,179.8816,7.8858,76.2073,6,1,0,0,0
Session_6,2026-01-26 17:03:00.790,37.519,-71.7950,-60.2202,-65.7521,42.4759,86.0326,121.7567,43.7098,-408.5252,107.6399,179.9329,7.6135,76.2184,6,1,0,0,0
Session_6,2026-01-26 17:03:00.861,37.591,-71.7950,-60.2202,-65.7521,42.3104,86.0497,121.7477,43.6775,-408.3608,107.3263,-179.9921,7.4641,76.2390,6,1,0,0,0
Session_6,2026-01-26 17:03:00.939,37.669,-71.7950,-60.2201,-65.7521,42.1003,86.1610,121.7498,43.7393,-408.1178,106.9215,-179.9748,7.2273,76.2512,6,1,0,0,0
Session_6,2026-01-26 17:03:01.013,37.743,-71.7950,-60.2202,-65.7522,41.7824,86.4061,121.7299,43.9204,-407.7184,106.3043,179.9886,6.8284,76.2920,6,1,0,0,0
Session_6,2026-01-26 17:03:01.087,37.817,-71.7949,-60.2203,-65.7522,41.5489,86.5482,121.8047,44.0094,-407.4372,105.8554,179.9834,6.5554,76.2312,6,1,0,0,0
Session_6,2026-01-26 17:03:01.153,37.883,-71.7950,-60.2203,-65.7523,41.3972,86.6045,121.7780,44.0247,-407.2667,105.5669,-179.9805,6.3969,76.2672,6,1,0,0,0
Session_6,2026-01-26 17:03:01.228,37.958,-71.7950,-60.2229,-65.7527,41.1706,86.6670,121.8892,44.0219,-407.0154,105.1195,-179.9235,6.1693,76.1687,6,1,0,0,0
Session_6,2026-01-26 17:03:01.304,38.034,-71.7944,-60.2232,-65.7526,41.4555,86.8970,121.9771,44.3839,-407.2112,105.6343,179.7196,6.2887,76.0646,6,1,0,0,0
Session_6,2026-01-26 17:03:01.369,38.099,-71.7943,-60.2326,-65.7528,41.3464,87.0227,121.9997,44.4905,-407.0468,105.3558,179.6741,6.1215,76.0491,6,1,0,0,0
Session_6,2026-01-26 17:03:01.436,38.165,-71.7928,-60.2623,-65.7530,41.2248,86.8861,121.9942,44.2942,-406.9459,104.9292,179.8717,6.0656,76.0644,6,1,0,0,0
Session_6,2026-01-26 17:03:01.510,38.239,-71.7929,-60.3696,-65.7531,41.2214,86.8304,121.9977,44.1931,-406.8552,104.1764,179.9777,6.0013,76.0671,6,1,0,0,0
Session_6,2026-01-26 17:03:01.583,38.313,-71.7929,-60.7108,-65.7529,41.4995,86.8318,121.9709,44.1706,-406.7822,102.3115,-179.9870,5.9473,76.0975,6,1,0,0,0
Session_6,2026-01-26 17:03:01.657,38.387,-71.7930,-61.1968,-65.7527,42.0234,86.9664,121.7340,44.3276,-406.7394,99.8851,179.9030,5.9088,76.3336,6,1,0,0,0
Session_6,2026-01-26 17:03:01.731,38.460,-71.7928,-61.3272,-65.7525,42.3873,87.2170,121.7340,44.6906,-406.8665,99.6378,179.5658,5.9754,76.3216,6,1,0,0,0
Session_6,2026-01-26 17:03:01.813,38.543,-71.7925,-61.3270,-65.7526,42.3605,87.3056,121.7216,44.7854,-406.8067,99.5837,179.5059,5.9063,76.3360,6,1,0,0,0
Session_6,2026-01-26 17:03:01.895,38.625,-71.7927,-61.3270,-65.7527,42.3015,87.1408,121.6365,44.5751,-406.8094,99.4824,179.6864,5.9431,76.4241,6,1,0,0,0
Session_6,2026-01-26 17:03:01.978,38.707,-71.7926,-61.3271,-65.7527,42.2294,87.2308,121.6468,44.6559,-406.7040,99.3422,179.6469,5.8345,76.4181,6,1,0,0,0
Session_6,2026-01-26 17:03:02.060,38.789,-71.7926,-61.3270,-65.7527,42.1683,87.1902,121.6138,44.5891,-406.6584,99.2314,179.7171,5.8041,76.4543,6,1,0,0,0
Session_6,2026-01-26 17:03:02.142,38.872,-71.7926,-61.3269,-65.7526,42.1456,87.1916,121.5177,44.5831,-406.6357,99.1904,179.7375,5.7848,76.5521,6,1,0,0,0
Session_6,2026-01-26 17:03:02.217,38.947,-71.7926,-61.3267,-65.7525,42.1236,87.3846,121.4923,44.7984,-406.5421,99.1401,179.5870,5.6656,76.5794,6,1,0,0,0
Session_6,2026-01-26 17:03:02.292,39.021,-71.7927,-61.3261,-65.7522,42.1545,87.5068,121.5706,44.9492,-406.5287,99.1966,179.4584,5.6281,76.4995,6,1,0,0,0
Session_6,2026-01-26 17:03:02.364,39.094,-71.7928,-61.3261,-65.7521,42.1566,87.5734,121.5720,45.0263,-406.5062,99.1976,179.4004,5.5951,76.4983,6,1,0,0,0
Session_6,2026-01-26 17:03:02.440,39.170,-71.7928,-61.3259,-65.7521,42.1834,87.6366,121.5665,45.1078,-406.5095,99.2457,179.3329,5.5850,76.5028,6,1,0,0,0
Session_6,2026-01-26 17:03:02.514,39.243,-71.7929,-61.3258,-65.7521,42.1944,87.6125,121.5692,45.0833,-406.5297,99.2680,179.3472,5.6070,76.4992,6,1,0,0,0
Session_6,2026-01-26 17:03:02.581,39.310,-71.7929,-61.3257,-65.7521,42.2129,87.6242,121.5699,45.1028,-406.5439,99.3027,179.3274,5.6168,76.4977,6,1,0,0,0
Session_6,2026-01-26 17:03:02.648,39.377,-71.7929,-61.3257,-65.7521,42.2081,87.6242,121.5658,45.1011,-406.5390,99.2935,179.3304,5.6127,76.5020,6,1,0,0,0
Session_6,2026-01-26 17:03:02.711,39.440,-71.7929,-61.3253,-65.7521,42.1985,87.9160,121.5623,45.4346,-406.4206,99.2651,179.0871,5.4522,76.5081,6,1,0,0,0
Session_6,2026-01-26 17:03:02.783,39.512,-71.7930,-61.3253,-65.7520,42.1724,87.9195,121.5658,45.4290,-406.3935,99.2164,179.0976,5.4282,76.5058,6,1,0,0,0
Session_6,2026-01-26 17:03:02.861,39.591,-71.7930,-61.3252,-65.7521,42.1539,87.8316,121.5637,45.3217,-406.4080,99.1862,179.1823,5.4585,76.5081,6,1,0,0,0
Session_6,2026-01-26 17:03:02.935,39.665,-71.7933,-61.3252,-65.7521,42.1401,88.0293,121.5637,45.5436,-406.3202,99.1517,179.0213,5.3433,76.5102,6,1,0,0,0
Session_6,2026-01-26 17:03:03.001,39.730,-71.7933,-61.3249,-65.7520,42.1642,88.2841,121.5603,45.8454,-406.2490,99.1890,178.7919,5.2308,76.5150,6,1,0,0,0
Session_6,2026-01-26 17:03:03.066,39.795,-71.7935,-61.3250,-65.7521,42.1010,88.3672,121.5603,45.9187,-406.1546,99.0678,178.7546,5.1335,76.5188,6,1,0,0,0
Session_6,2026-01-26 17:03:03.133,39.862,-71.7933,-61.3250,-65.7520,42.0598,88.3074,121.5630,45.8379,-406.1357,98.9934,178.8269,5.1296,76.5175,6,1,0,0,0
Session_6,2026-01-26 17:03:03.214,39.943,-71.7935,-61.3250,-65.7521,42.0770,88.4097,121.5610,45.9593,-406.1145,99.0214,178.7310,5.0907,76.5196,6,1,0,0,0
Session_6,2026-01-26 17:03:03.289,40.018,-71.7936,-61.3249,-65.7520,42.0962,88.4647,121.5582,46.0290,-406.1134,99.0564,178.6742,5.0785,76.5221,6,0,0,0,0
Session_6,2026-01-26 17:03:03.350,40.080,-71.7935,-61.3248,-65.7519,42.2726,88.3898,121.5630,46.0012,-406.3181,99.3887,178.6443,5.2679,76.5080,6,0,0,0,0
Session_6,2026-01-26 17:03:03.424,40.154,-71.7935,-61.3233,-65.7516,42.4333,88.3884,121.5637,46.0527,-406.4806,99.7008,178.5596,5.4069,76.4993,6,0,0,0,0
Session_6,2026-01-26 17:03:03.484,40.214,-71.7936,-61.3226,-65.7515,42.5205,88.3795,121.5589,46.0706,-406.5712,99.8690,178.5212,5.4865,76.4995,6,0,0,0,0
Session_6,2026-01-26 17:03:03.555,40.285,-71.7936,-61.3177,-65.7509,42.8295,88.2916,121.5623,46.0717,-406.9148,100.4879,178.4295,5.7999,76.4786,6,0,0,0,0
Session_6,2026-01-26 17:03:03.630,40.360,-71.7935,-61.3159,-65.7509,42.8542,88.3349,121.5555,46.1303,-406.9246,100.5451,178.3794,5.8000,76.4847,6,0,0,0,0
Session_6,2026-01-26 17:03:03.702,40.432,-71.7935,-61.3158,-65.7508,42.8487,88.3404,121.5589,46.1350,-406.9174,100.5359,178.3772,5.7926,76.4816,6,0,0,0,0
Session_6,2026-01-26 17:03:03.770,40.500,-71.7936,-61.3154,-65.7508,42.8996,88.3713,121.5582,46.1869,-406.9558,100.6325,178.3239,5.8199,76.4800,6,0,0,0,0
Session_6,2026-01-26 17:03:03.836,40.566,-71.7936,-61.3138,-65.7508,42.9861,88.4015,121.5589,46.2498,-407.0305,100.8053,178.2516,5.8791,76.4750,6,0,0,0,0
Session_6,2026-01-26 17:03:03.918,40.647,-71.7936,-61.3069,-65.7508,43.2216,88.4351,121.5617,46.3662,-407.2537,101.2958,178.0944,6.0676,76.4595,6,0,0,0,0
Session_6,2026-01-26 17:03:03.997,40.727,-71.7937,-61.2844,-65.7507,43.5278,88.5065,121.5603,46.5525,-407.5448,102.0285,177.8598,6.3098,76.4434,6,0,0,0,0
Session_6,2026-01-26 17:03:04.074,40.804,-71.7939,-61.2609,-65.7508,43.6411,88.7524,121.5575,46.8778,-407.5851,102.4005,177.5788,6.2977,76.4431,6,0,0,0,0
Session_6,2026-01-26 17:03:04.163,40.893,-71.7939,-61.1209,-65.7508,43.5896,89.1801,121.5582,47.4021,-407.5197,103.2751,177.1685,6.1492,76.4476,6,0,0,0,0
Session_6,2026-01-26 17:03:04.230,40.960,-71.7940,-60.8926,-65.7510,43.0005,89.1541,121.5596,47.2633,-407.2007,103.7630,177.3815,5.8558,76.4655,6,0,0,0,0
Session_6,2026-01-26 17:03:04.294,41.024,-71.7940,-60.6750,-65.7510,42.3598,89.0744,121.5623,47.0405,-406.8325,104.0823,177.6726,5.5375,76.4831,6,0,0,0,0
Session_6,2026-01-26 17:03:04.364,41.093,-71.7940,-60.5869,-65.7511,42.2157,88.9460,121.5603,46.8757,-406.8294,104.4310,177.8116,5.5570,76.4854,6,0,0,0,0
Session_6,2026-01-26 17:03:04.444,41.173,-71.7940,-60.5869,-65.7514,41.8957,89.0531,121.5603,46.8960,-406.4749,103.8273,177.8896,5.2285,76.5034,6,0,0,0,0
Session_6,2026-01-26 17:03:04.526,41.255,-71.7939,-60.5870,-65.7513,41.8764,89.0202,121.5603,46.8520,-406.4684,103.7915,177.9278,5.2293,76.5037,6,0,0,0,0
Session_6,2026-01-26 17:03:04.599,41.329,-71.7939,-60.5871,-65.7515,41.8366,88.9494,121.5637,46.7576,-406.4553,103.7174,178.0088,5.2321,76.5009,6,0,0,0,0
Session_6,2026-01-26 17:03:04.664,41.393,-71.7939,-60.5872,-65.7515,41.7844,88.8560,121.5644,46.6331,-406.4388,103.6210,178.1157,5.2364,76.5011,6,0,0,0,0
Session_6,2026-01-26 17:03:04.738,41.468,-71.7939,-60.5871,-65.7515,41.8710,88.8272,121.5610,46.6277,-406.5351,103.7842,178.0948,5.3253,76.4998,6,0,0,0,0
Session_6,2026-01-26 17:03:04.812,41.542,-71.7939,-60.5870,-65.7514,42.0076,88.8004,121.5623,46.6411,-406.6799,104.0421,178.0452,5.4557,76.4912,6,0,0,0,0
Session_6,2026-01-26 17:03:04.886,41.615,-71.7940,-60.5850,-65.7512,42.3667,88.6844,121.5582,46.6230,-407.0764,104.7343,177.9534,5.8239,76.4744,6,0,0,0,0
Session_6,2026-01-26 17:03:04.947,41.677,-71.7942,-60.5812,-65.7512,42.4429,88.5965,121.5582,46.5461,-407.1872,104.9067,177.9858,5.9379,76.4682,6,0,0,0,0
Session_6,2026-01-26 17:03:05.019,41.748,-71.7942,-60.4864,-65.7512,42.2555,88.4571,121.5603,46.3565,-407.1525,105.2224,178.1531,5.9320,76.4687,6,0,0,0,0
Session_6,2026-01-26 17:03:05.093,41.822,-71.7945,-60.2183,-65.7513,42.0055,88.3301,121.5610,46.2148,-407.2213,106.6341,178.2515,6.0138,76.4646,6,0,0,0,0
Session_6,2026-01-26 17:03:05.167,41.896,-71.7947,-59.4458,-65.7514,41.6402,88.2765,121.5617,46.2728,-407.6093,111.3601,178.0815,6.3879,76.4396,6,0,0,0,0
Session_6,2026-01-26 17:03:05.232,41.961,-71.7947,-58.2605,-65.7515,40.9612,87.5329,121.5630,45.5285,-408.2318,118.4206,178.4451,7.2071,76.3946,6,0,0,0,0
Session_6,2026-01-26 17:03:05.306,42.036,-71.7952,-56.5774,-65.7517,39.9758,86.8881,121.5582,44.8638,-408.7221,128.3973,178.6226,8.1372,76.3406,6,0,0,0,0
Session_6,2026-01-26 17:03:05.396,42.126,-71.7951,-54.3011,-65.7518,37.3782,86.3587,121.5596,43.8542,-407.7019,139.4424,179.2442,8.1412,76.3584,6,0,0,0,0
Session_6,2026-01-26 17:03:05.465,42.195,-71.7951,-52.8204,-65.7520,36.2769,86.5180,121.5623,43.8785,-407.1593,147.6875,178.9060,8.3798,76.3279,6,0,0,0,0
Session_6,2026-01-26 17:03:05.527,42.256,-71.7957,-51.8144,-65.7519,36.6511,86.4109,121.5582,43.9356,-407.7610,155.4517,178.2585,9.6074,76.2145,6,0,0,0,0
Session_6,2026-01-26 17:03:05.597,42.327,-71.7986,-50.3474,-65.7520,36.2212,85.9763,121.5569,43.3324,-407.6766,164.9186,178.0688,10.7139,76.1069,6,0,0,0,0
Session_6,2026-01-26 17:03:05.677,42.407,-71.8095,-48.7472,-65.7520,35.5655,85.7256,121.5596,42.7475,-407.1125,174.8432,177.7686,11.6446,75.9890,6,0,0,0,0
Session_6,2026-01-26 17:03:05.759,42.489,-71.8421,-46.8989,-65.7519,34.9805,85.1516,121.5589,41.5457,-406.4066,186.6360,177.5647,13.0128,75.7971,6,0,0,0,0
Session_6,2026-01-26 17:03:05.834,42.564,-71.8990,-45.0437,-65.7520,34.3920,84.8248,121.5582,40.3470,-405.2843,198.4016,177.1421,14.2527,75.5681,6,0,0,0,0
Session_6,2026-01-26 17:03:05.902,42.632,-72.1159,-43.1930,-65.7521,33.7658,84.7746,121.5575,38.2252,-403.8127,209.9717,176.5020,15.3102,75.1762,6,0,0,0,0
Session_6,2026-01-26 17:03:05.985,42.714,-73.0378,-40.7246,-65.7520,33.1664,84.1312,121.5562,30.1925,-402.0186,225.8374,175.9877,17.2162,73.9369,6,0,0,0,0
Session_6,2026-01-26 17:03:06.050,42.780,-74.4186,-38.4280,-65.7520,32.2449,82.8046,121.5555,18.0587,-399.8408,239.8313,176.3113,19.0600,72.2612,6,0,0,0,0
Session_6,2026-01-26 17:03:06.124,42.854,-76.4183,-36.0701,-65.7523,30.7885,82.2086,121.5541,2.4087,-396.2972,252.8934,176.2856,20.1236,70.0649,6,0,0,0,0
Session_6,2026-01-26 17:03:06.189,42.919,-78.3626,-34.2661,-65.7524,29.6253,82.1173,121.5534,-11.8639,-392.6847,262.6014,175.9843,20.7051,67.9860,6,0,0,0,0
Session_6,2026-01-26 17:03:06.249,42.979,-80.1151,-32.8304,-65.7520,29.4921,81.9882,121.5500,-24.4727,-389.5707,271.8932,175.3160,21.8555,65.9494,6,0,0,0,0
Session_6,2026-01-26 17:03:06.314,43.044,-81.6726,-31.3384,-65.7509,30.0895,83.4707,121.5507,-33.6584,-385.9690,282.7846,172.8172,22.8143,63.9958,6,0,0,0,0
Session_6,2026-01-26 17:03:06.381,43.111,-82.6157,-29.8258,-65.7507,29.7235,85.5457,121.5658,-37.9427,-381.7953,291.7071,170.4067,22.6840,62.9367,6,0,0,0,0
Session_6,2026-01-26 17:03:06.454,43.184,-83.1546,-28.0541,-65.7501,29.8396,86.7755,121.5644,-40.5318,-377.2633,303.3608,168.2440,23.6059,62.0705,6,0,0,0,0
Session_6,2026-01-26 17:03:06.529,43.258,-83.2890,-26.2564,-65.7480,30.1396,87.6826,121.5623,-40.8415,-372.6514,315.4931,166.1989,24.8638,61.5114,6,0,0,0,0
Session_6,2026-01-26 17:03:06.597,43.326,-83.2891,-24.2722,-65.7454,30.1698,89.3649,121.5678,-39.4466,-367.0589,328.0836,163.5809,25.6573,61.2085,6,0,0,0,0
Session_6,2026-01-26 17:03:06.677,43.407,-83.2890,-21.4797,-65.7335,30.2838,90.2232,121.5692,-39.3880,-358.6393,345.7249,161.0054,27.5943,60.5030,6,0,0,0,0
Session_6,2026-01-26 17:03:06.739,43.469,-83.2892,-19.4032,-65.7316,30.1774,90.0220,121.5720,-40.4229,-351.9440,358.1270,159.8209,29.2770,59.8237,6,0,0,0,0
Session_6,2026-01-26 17:03:06.816,43.546,-83.2892,-16.1413,-65.7214,30.0826,89.7061,121.5665,-42.1504,-340.5388,377.2824,157.8107,31.9546,58.6155,6,0,0,0,0
Session_6,2026-01-26 17:03:06.881,43.611,-83.2890,-13.3148,-65.7171,29.9995,89.6704,121.5692,-43.4603,-329.7712,393.3035,155.7873,34.1166,57.4874,6,0,0,0,0
Session_6,2026-01-26 17:03:06.955,43.685,-83.2892,-9.7318,-65.7092,29.8897,89.7247,121.5665,-45.1315,-315.0122,412.8140,153.0048,36.7590,55.9121,6,0,0,0,0
Session_6,2026-01-26 17:03:07.021,43.751,-83.2892,-6.5545,-65.7052,29.7475,89.7919,121.5692,-46.7019,-300.9659,429.2038,150.4035,39.0007,54.3609,6,0,0,0,0
Session_6,2026-01-26 17:03:07.097,43.826,-83.2890,-2.8994,-65.7030,29.3706,89.8592,121.5699,-48.6301,-283.8721,446.6102,147.4173,41.3585,52.4842,6,0,0,0,0
Session_6,2026-01-26 17:03:07.166,43.896,-83.2884,0.3307,-65.7027,29.3713,89.2529,121.5754,-51.2628,-267.7693,461.7344,144.6392,43.8879,50.1191,6,0,0,0,0
Session_6,2026-01-26 17:03:07.243,43.972,-83.2881,3.3458,-65.7009,30.0291,88.5539,121.5761,-54.0344,-251.4610,476.3110,141.1233,46.6335,47.0418,6,0,0,0,0
Session_6,2026-01-26 17:03:07.308,44.038,-83.2878,5.3106,-65.6998,29.7544,89.2653,121.5946,-54.4093,-240.8829,483.9377,138.8530,47.4188,45.9779,6,0,0,0,0
Session_6,2026-01-26 17:03:07.382,44.111,-83.2878,6.5014,-65.6985,30.3346,88.4681,121.6262,-56.2163,-233.8013,489.8358,137.1096,48.8059,43.9720,6,0,0,0,0
Session_6,2026-01-26 17:03:07.464,44.193,-83.2878,6.8565,-65.6886,31.8535,88.4523,121.6283,-56.6505,-230.2743,494.1473,134.7851,49.9278,42.1928,6,0,0,0,0
Session_6,2026-01-26 17:03:07.542,44.271,-83.2878,6.8565,-65.5467,33.8441,89.3175,121.6228,-55.8934,-227.7307,498.4454,131.7024,50.8346,40.5986,6,0,0,0,0
Session_6,2026-01-26 17:03:07.624,44.353,-83.2880,6.8589,-64.6548,34.4469,89.4122,121.6166,-56.1293,-224.7487,503.3026,129.6715,51.6255,39.1040,6,0,0,0,0
Session_6,2026-01-26 17:03:07.697,44.426,-83.2879,6.8594,-63.0324,34.5877,89.9416,121.6221,-56.0199,-220.1819,510.2661,127.0551,52.3733,37.5293,6,0,0,0,0
Session_6,2026-01-26 17:03:07.763,44.493,-83.2879,6.8602,-60.7020,35.3870,89.6436,121.6104,-57.2695,-212.6548,521.0554,122.5720,53.9854,33.6634,6,0,0,0,0
Session_6,2026-01-26 17:03:07.830,44.559,-83.2876,6.8766,-57.3714,34.8898,89.5969,121.6125,-58.4440,-203.1510,533.2059,118.1259,55.2065,29.9937,6,0,0,0,0
Session_6,2026-01-26 17:03:07.911,44.641,-83.2873,6.8770,-51.2627,32.8223,89.5200,121.5994,-60.5588,-185.9734,552.2029,111.3834,56.6497,24.3347,6,0,0,0,0
Session_6,2026-01-26 17:03:07.984,44.713,-83.2869,6.8772,-44.7623,28.2960,89.1307,121.6001,-62.9730,-169.4910,567.1318,107.9382,57.2617,21.0641,6,0,0,0,0
Session_6,2026-01-26 17:03:08.051,44.781,-83.2868,6.8764,-37.8499,23.7552,88.6514,121.6063,-65.8450,-150.0610,581.4945,103.6462,57.8297,16.9668,6,0,0,0,0
Session_6,2026-01-26 17:03:08.117,44.846,-83.2866,6.8712,-31.1087,19.1169,88.6068,121.6152,-68.2419,-130.1580,593.1346,99.7314,58.1385,13.6018,6,0,0,0,0
Session_6,2026-01-26 17:03:08.182,44.911,-83.2860,6.8498,-24.5327,14.5377,88.6549,121.6118,-70.5573,-109.9793,602.3270,95.9955,58.3218,10.4743,6,0,0,0,0
Session_6,2026-01-26 17:03:08.264,44.993,-83.2859,6.6737,-16.9089,10.2983,88.7640,121.6001,-73.3647,-84.9984,611.4497,89.8796,58.3985,5.3756,6,0,0,0,0
Session_6,2026-01-26 17:03:08.329,45.059,-83.2861,6.0466,-11.7777,7.5977,88.8354,121.5994,-74.8702,-71.4708,615.5585,86.4454,58.3133,2.5229,6,0,0,0,0
Session_6,2026-01-26 17:03:08.396,45.126,-83.2861,5.1169,-7.8620,3.8624,88.5855,121.6070,-75.6301,-67.6084,615.5987,87.8712,58.3478,3.4868,6,0,0,0,0
Session_6,2026-01-26 17:03:08.470,45.200,-83.2862,3.7879,-4.6064,1.4323,88.4763,121.6077,-75.7750,-67.5105,615.5094,88.8297,58.3707,4.1935,6,0,0,0,0
Session_6,2026-01-26 17:03:08.545,45.275,-83.2862,2.7178,-2.8824,0.4875,88.5649,121.6090,-75.4091,-69.6998,615.3767,89.3842,58.3814,4.7543,6,0,0,0,0
Session_6,2026-01-26 17:03:08.627,45.357,-83.2862,2.0218,-2.2352,0.5836,88.6308,121.6063,-75.0552,-72.0225,615.5281,89.2939,58.3829,4.7433,6,0,0,0,0
Session_6,2026-01-26 17:03:08.702,45.431,-83.2862,1.9098,-2.2370,0.2101,88.7874,121.6084,-74.6852,-73.5420,614.9501,90.2235,58.3939,5.6915,6,0,0,0,0
Session_6,2026-01-26 17:03:08.775,45.504,-83.2863,1.9134,-2.2364,0.4147,88.8622,121.6070,-74.6408,-73.1437,615.2032,89.8250,58.3911,5.4269,6,0,0,0,0
Session_6,2026-01-26 17:03:08.858,45.588,-83.2865,1.9291,-2.2361,0.5212,88.8787,121.6077,-74.6577,-72.8310,615.3496,89.5915,58.3875,5.2443,6,0,0,0,0
Session_6,2026-01-26 17:03:08.933,45.662,-83.2890,1.9861,-2.2360,0.3069,89.3140,121.6111,-74.1437,-72.7047,615.1541,89.8911,58.3882,5.9324,6,0,0,0,0
Session_6,2026-01-26 17:03:08.999,45.728,-83.3127,2.1022,-2.2357,0.1634,89.1644,121.6104,-74.4312,-72.0374,615.1086,89.9429,58.3891,5.8030,6,0,0,0,0
Session_6,2026-01-26 17:03:09.082,45.811,-83.6092,2.8545,-2.2359,-0.2163,89.1266,121.6090,-75.4316,-66.4502,615.4417,89.2326,58.3825,4.8638,6,0,0,0,0
Session_6,2026-01-26 17:03:09.168,45.898,-84.4003,3.7843,-2.2357,-0.8281,89.6031,121.6056,-76.3732,-59.1597,615.5954,88.6257,58.3820,4.0324,6,0,0,0,0
Session_6,2026-01-26 17:03:09.242,45.971,-84.9719,4.5880,-2.2362,-2.8139,88.7180,121.6077,-78.2756,-55.6856,613.8960,90.8816,58.3996,4.4970,6,0,0,0,0
Session_6,2026-01-26 17:03:09.304,46.034,-85.3108,4.7078,-2.2360,-2.1719,88.6604,121.6077,-78.8427,-53.1625,614.7758,89.4281,58.3840,2.8625,6,0,0,0,0
Session_6,2026-01-26 17:03:09.366,46.095,-85.3315,4.7078,-2.2358,-1.3184,88.9776,121.6029,-78.6014,-51.5968,615.7921,87.8009,58.3577,1.7734,6,0,0,0,0
Session_6,2026-01-26 17:03:09.447,46.176,-85.3314,4.7069,-2.2361,-1.4131,88.4770,121.6111,-79.1929,-51.8103,615.6791,87.9850,58.3450,1.4300,6,0,0,0,0
Session_6,2026-01-26 17:03:09.516,46.246,-85.3312,4.7058,-2.2360,-1.3410,88.3060,121.6056,-79.4097,-51.7012,615.7632,87.8498,58.3430,1.1440,6,0,0,0,0
Session_6,2026-01-26 17:03:09.658,46.388,-85.3310,4.7054,-2.2362,-1.5827,88.6789,121.6056,-78.9225,-52.1107,615.4773,88.3103,58.3628,1.9091,6,0,0,0,0
Session_6,2026-01-26 17:03:09.748,46.477,-85.3309,4.7049,-2.2362,-1.5999,88.4372,121.6049,-79.2123,-52.1619,615.4564,88.3443,58.3607,1.6964,6,0,0,0,0
Session_6,2026-01-26 17:03:09.815,46.544,-85.3309,4.7049,-2.2362,-1.3754,88.1014,121.6118,-79.6517,-51.7832,615.7217,87.9180,58.3351,0.9979,6,0,0,0,0
Session_6,2026-01-26 17:03:09.883,46.612,-85.3309,4.7049,-2.2362,-1.3726,88.8258,121.6104,-78.7747,-51.7302,615.7254,87.9112,58.3501,1.7163,6,0,0,0,0
Session_6,2026-01-26 17:03:09.963,46.692,-85.3309,4.7049,-2.2361,-0.0357,89.9677,121.6035,-77.5889,-49.2342,617.2740,85.3646,58.3112,0.6901,6,0,0,0,0
Session_6,2026-01-26 17:03:10.033,46.762,-85.3309,4.7049,-2.2361,0.3509,87.9002,121.6166,-80.1489,-48.6918,617.7090,84.6519,58.1681,-1.9806,6,0,0,0,0
